draw_date,n1,n2,n3,n4,n5,source
2024-01-01,8,10,19,25,32,https://www.lottery.net/california/fantasy-5/numbers/2024
2024-01-02,13,23,27,34,35,https://www.lottery.net/california/fantasy-5/numbers/2024
2024-01-03,11,19,20,35,39,https://www.lottery.net/california/fantasy-5/numbers/2024
2024-01-04,7,15,21,25,39,https://www.lottery.net/california/fantasy-5/numbers/2024
2024-01-05,6,8,15,20,31,https://www.lottery.net/california/fantasy-5/numbers/2024
2024-01-06,6,9,16,17,32,https://www.lottery.net/california/fantasy-5/numbers/2024
2024-01-07,5,12,13,14,31,https://www.lottery.net/california/fantasy-5/numbers/2024
2024-01-08,1,12,27,28,34,https://www.lottery.net/california/fantasy-5/numbers/2024
2024-01-09,1,5,10,22,28,https://www.lottery.net/california/fantasy-5/numbers/2024
2024-01-10,15,18,25,32,38,https://www.lottery.net/california/fantasy-5/numbers/2024
2024-01-11,6,17,21,28,36,https://www.lottery.net/california/fantasy-5/numbers/2024
2024-01-12,1,20,23,33,34,https://www.lottery.net/california/fantasy-5/numbers/2024
2024-01-13,6,13,19,27,30,https://www.lottery.net/california/fantasy-5/numbers/2024
2024-01-14,1,2,13,19,21,https://www.lottery.net/california/fantasy-5/numbers/2024
2024-01-15,6,8,14,27,39,https://www.lottery.net/california/fantasy-5/numbers/2024
2024-01-16,3,4,6,15,23,https://www.lottery.net/california/fantasy-5/numbers/2024
2024-01-17,20,21,25,29,32,https://www.lottery.net/california/fantasy-5/numbers/2024
2024-01-18,2,14,17,24,25,https://www.lottery.net/california/fantasy-5/numbers/2024
2024-01-19,2,19,23,28,38,https://www.lottery.net/california/fantasy-5/numbers/2024
2024-01-20,4,7,21,23,29,https://www.lottery.net/california/fantasy-5/numbers/2024
2024-01-21,5,6,20,21,29,https://www.lottery.net/california/fantasy-5/numbers/2024
2024-01-22,20,23,35,36,37,https://www.lottery.net/california/fantasy-5/numbers/2024
2024-01-23,2,5,11,15,22,https://www.lottery.net/california/fantasy-5/numbers/2024
2024-01-24,6,9,10,24,30,https://www.lottery.net/california/fantasy-5/numbers/2024
2024-01-25,16,17,22,32,37,https://www.lottery.net/california/fantasy-5/numbers/2024
2024-01-26,8,19,21,23,32,https://www.lottery.net/california/fantasy-5/numbers/2024
2024-01-27,4,10,15,22,34,https://www.lottery.net/california/fantasy-5/numbers/2024
2024-01-28,6,7,12,21,31,https://www.lottery.net/california/fantasy-5/numbers/2024
2024-01-29,9,10,17,28,29,https://www.lottery.net/california/fantasy-5/numbers/2024
2024-01-30,5,10,13,25,26,https://www.lottery.net/california/fantasy-5/numbers/2024
2024-01-31,17,25,31,34,38,https://www.lottery.net/california/fantasy-5/numbers/2024
2024-02-01,4,7,9,11,29,https://www.lottery.net/california/fantasy-5/numbers/2024
2024-02-02,3,4,21,24,27,https://www.lottery.net/california/fantasy-5/numbers/2024
2024-02-03,1,3,5,14,26,https://www.lottery.net/california/fantasy-5/numbers/2024
2024-02-04,2,16,18,19,37,https://www.lottery.net/california/fantasy-5/numbers/2024
2024-02-05,7,20,24,26,27,https://www.lottery.net/california/fantasy-5/numbers/2024
2024-02-06,9,15,17,26,30,https://www.lottery.net/california/fantasy-5/numbers/2024
2024-02-07,2,14,27,37,38,https://www.lottery.net/california/fantasy-5/numbers/2024
2024-02-08,17,18,25,35,37,https://www.lottery.net/california/fantasy-5/numbers/2024
2024-02-09,4,20,26,27,30,https://www.lottery.net/california/fantasy-5/numbers/2024
2024-02-10,9,17,26,35,37,https://www.lottery.net/california/fantasy-5/numbers/2024
2024-02-11,7,15,16,32,35,https://www.lottery.net/california/fantasy-5/numbers/2024
2024-02-12,1,6,10,16,22,https://www.lottery.net/california/fantasy-5/numbers/2024
2024-02-13,3,4,5,9,22,https://www.lottery.net/california/fantasy-5/numbers/2024
2024-02-14,12,15,21,24,39,https://www.lottery.net/california/fantasy-5/numbers/2024
2024-02-15,20,24,28,30,36,https://www.lottery.net/california/fantasy-5/numbers/2024
2024-02-16,2,4,22,32,37,https://www.lottery.net/california/fantasy-5/numbers/2024
2024-02-17,12,27,28,30,39,https://www.lottery.net/california/fantasy-5/numbers/2024
2024-02-18,15,18,21,29,31,https://www.lottery.net/california/fantasy-5/numbers/2024
2024-02-19,3,7,10,25,39,https://www.lottery.net/california/fantasy-5/numbers/2024
2024-02-20,1,2,18,27,34,https://www.lottery.net/california/fantasy-5/numbers/2024
2024-02-21,11,13,16,19,25,https://www.lottery.net/california/fantasy-5/numbers/2024
2024-02-22,12,17,23,24,34,https://www.lottery.net/california/fantasy-5/numbers/2024
2024-02-23,5,7,30,32,37,https://www.lottery.net/california/fantasy-5/numbers/2024
2024-02-24,1,4,20,23,26,https://www.lottery.net/california/fantasy-5/numbers/2024
2024-02-25,2,6,12,37,38,https://www.lottery.net/california/fantasy-5/numbers/2024
2024-02-26,2,10,17,21,25,https://www.lottery.net/california/fantasy-5/numbers/2024
2024-02-27,5,7,9,18,23,https://www.lottery.net/california/fantasy-5/numbers/2024
2024-02-28,10,14,27,33,38,https://www.lottery.net/california/fantasy-5/numbers/2024
2024-02-29,9,10,20,32,35,https://www.lottery.net/california/fantasy-5/numbers/2024
2024-03-01,11,19,25,31,33,https://www.lottery.net/california/fantasy-5/numbers/2024
2024-03-02,10,24,26,33,38,https://www.lottery.net/california/fantasy-5/numbers/2024
2024-03-03,4,9,10,19,26,https://www.lottery.net/california/fantasy-5/numbers/2024
2024-03-04,13,19,20,27,34,https://www.lottery.net/california/fantasy-5/numbers/2024
2024-03-05,5,10,14,21,29,https://www.lottery.net/california/fantasy-5/numbers/2024
2024-03-06,3,15,24,25,34,https://www.lottery.net/california/fantasy-5/numbers/2024
2024-03-07,18,19,28,30,38,https://www.lottery.net/california/fantasy-5/numbers/2024
2024-03-08,1,9,11,20,35,https://www.lottery.net/california/fantasy-5/numbers/2024
2024-03-09,13,15,16,20,21,https://www.lottery.net/california/fantasy-5/numbers/2024
2024-03-10,5,7,27,30,31,https://www.lottery.net/california/fantasy-5/numbers/2024
2024-03-11,8,11,14,15,25,https://www.lottery.net/california/fantasy-5/numbers/2024
2024-03-12,1,9,28,29,30,https://www.lottery.net/california/fantasy-5/numbers/2024
2024-03-13,18,23,24,28,39,https://www.lottery.net/california/fantasy-5/numbers/2024
2024-03-14,5,6,15,23,33,https://www.lottery.net/california/fantasy-5/numbers/2024
2024-03-15,3,4,19,35,36,https://www.lottery.net/california/fantasy-5/numbers/2024
2024-03-16,6,15,17,29,39,https://www.lottery.net/california/fantasy-5/numbers/2024
2024-03-17,3,9,25,28,39,https://www.lottery.net/california/fantasy-5/numbers/2024
2024-03-18,2,16,23,29,36,https://www.lottery.net/california/fantasy-5/numbers/2024
2024-03-19,1,9,10,26,31,https://www.lottery.net/california/fantasy-5/numbers/2024
2024-03-20,2,6,7,15,36,https://www.lottery.net/california/fantasy-5/numbers/2024
2024-03-21,19,22,27,30,33,https://www.lottery.net/california/fantasy-5/numbers/2024
2024-03-22,10,18,21,28,33,https://www.lottery.net/california/fantasy-5/numbers/2024
2024-03-23,4,26,33,38,39,https://www.lottery.net/california/fantasy-5/numbers/2024
2024-03-24,2,21,26,29,36,https://www.lottery.net/california/fantasy-5/numbers/2024
2024-03-25,9,12,26,28,34,https://www.lottery.net/california/fantasy-5/numbers/2024
2024-03-26,4,7,10,15,29,https://www.lottery.net/california/fantasy-5/numbers/2024
2024-03-27,3,7,9,12,34,https://www.lottery.net/california/fantasy-5/numbers/2024
2024-03-28,3,14,15,17,30,https://www.lottery.net/california/fantasy-5/numbers/2024
2024-03-29,11,14,26,29,33,https://www.lottery.net/california/fantasy-5/numbers/2024
2024-03-30,5,11,23,25,36,https://www.lottery.net/california/fantasy-5/numbers/2024
2024-03-31,3,5,13,27,38,https://www.lottery.net/california/fantasy-5/numbers/2024
2024-04-01,7,8,13,23,25,https://www.lottery.net/california/fantasy-5/numbers/2024
2024-04-02,10,11,18,30,31,https://www.lottery.net/california/fantasy-5/numbers/2024
2024-04-03,4,16,19,35,38,https://www.lottery.net/california/fantasy-5/numbers/2024
2024-04-04,4,11,19,23,26,https://www.lottery.net/california/fantasy-5/numbers/2024
2024-04-05,1,25,27,28,36,https://www.lottery.net/california/fantasy-5/numbers/2024
2024-04-06,1,3,5,15,17,https://www.lottery.net/california/fantasy-5/numbers/2024
2024-04-07,11,18,27,30,35,https://www.lottery.net/california/fantasy-5/numbers/2024
2024-04-08,24,25,30,35,39,https://www.lottery.net/california/fantasy-5/numbers/2024
2024-04-09,1,7,12,24,29,https://www.lottery.net/california/fantasy-5/numbers/2024
2024-04-10,5,7,18,22,29,https://www.lottery.net/california/fantasy-5/numbers/2024
2024-04-11,3,4,7,17,27,https://www.lottery.net/california/fantasy-5/numbers/2024
2024-04-12,5,7,9,26,29,https://www.lottery.net/california/fantasy-5/numbers/2024
2024-04-13,15,21,22,36,37,https://www.lottery.net/california/fantasy-5/numbers/2024
2024-04-14,4,6,13,14,19,https://www.lottery.net/california/fantasy-5/numbers/2024
2024-04-15,13,15,21,22,29,https://www.lottery.net/california/fantasy-5/numbers/2024
2024-04-16,23,24,26,31,35,https://www.lottery.net/california/fantasy-5/numbers/2024
2024-04-17,11,20,27,30,32,https://www.lottery.net/california/fantasy-5/numbers/2024
2024-04-18,7,15,17,30,39,https://www.lottery.net/california/fantasy-5/numbers/2024
2024-04-19,7,24,26,30,32,https://www.lottery.net/california/fantasy-5/numbers/2024
2024-04-20,5,12,25,30,32,https://www.lottery.net/california/fantasy-5/numbers/2024
2024-04-21,7,11,13,15,20,https://www.lottery.net/california/fantasy-5/numbers/2024
2024-04-22,11,19,23,33,39,https://www.lottery.net/california/fantasy-5/numbers/2024
2024-04-23,9,24,25,28,31,https://www.lottery.net/california/fantasy-5/numbers/2024
2024-04-24,4,6,8,16,23,https://www.lottery.net/california/fantasy-5/numbers/2024
2024-04-25,4,8,27,31,34,https://www.lottery.net/california/fantasy-5/numbers/2024
2024-04-26,5,11,15,29,36,https://www.lottery.net/california/fantasy-5/numbers/2024
2024-04-27,14,21,23,32,39,https://www.lottery.net/california/fantasy-5/numbers/2024
2024-04-28,4,16,19,22,32,https://www.lottery.net/california/fantasy-5/numbers/2024
2024-04-29,2,12,18,26,28,https://www.lottery.net/california/fantasy-5/numbers/2024
2024-04-30,2,11,21,34,39,https://www.lottery.net/california/fantasy-5/numbers/2024
2024-05-01,2,10,17,24,37,https://www.lottery.net/california/fantasy-5/numbers/2024
2024-05-02,2,15,20,22,37,https://www.lottery.net/california/fantasy-5/numbers/2024
2024-05-03,3,4,13,25,32,https://www.lottery.net/california/fantasy-5/numbers/2024
2024-05-04,1,7,8,10,36,https://www.lottery.net/california/fantasy-5/numbers/2024
2024-05-05,11,16,23,27,28,https://www.lottery.net/california/fantasy-5/numbers/2024
2024-05-06,8,10,18,24,27,https://www.lottery.net/california/fantasy-5/numbers/2024
2024-05-07,21,26,27,29,36,https://www.lottery.net/california/fantasy-5/numbers/2024
2024-05-08,6,7,22,27,28,https://www.lottery.net/california/fantasy-5/numbers/2024
2024-05-09,19,29,35,36,39,https://www.lottery.net/california/fantasy-5/numbers/2024
2024-05-10,3,8,14,23,27,https://www.lottery.net/california/fantasy-5/numbers/2024
2024-05-11,3,7,20,31,38,https://www.lottery.net/california/fantasy-5/numbers/2024
2024-05-12,7,13,15,34,38,https://www.lottery.net/california/fantasy-5/numbers/2024
2024-05-13,8,9,12,21,35,https://www.lottery.net/california/fantasy-5/numbers/2024
2024-05-14,13,14,27,31,32,https://www.lottery.net/california/fantasy-5/numbers/2024
2024-05-15,6,24,34,35,38,https://www.lottery.net/california/fantasy-5/numbers/2024
2024-05-16,3,8,11,17,39,https://www.lottery.net/california/fantasy-5/numbers/2024
2024-05-17,4,6,8,16,36,https://www.lottery.net/california/fantasy-5/numbers/2024
2024-05-18,4,10,20,34,36,https://www.lottery.net/california/fantasy-5/numbers/2024
2024-05-19,17,22,25,26,27,https://www.lottery.net/california/fantasy-5/numbers/2024
2024-05-20,10,17,20,25,32,https://www.lottery.net/california/fantasy-5/numbers/2024
2024-05-21,15,24,26,32,37,https://www.lottery.net/california/fantasy-5/numbers/2024
2024-05-22,5,16,22,35,36,https://www.lottery.net/california/fantasy-5/numbers/2024
2024-05-23,3,11,26,35,38,https://www.lottery.net/california/fantasy-5/numbers/2024
2024-05-24,8,14,21,34,36,https://www.lottery.net/california/fantasy-5/numbers/2024
2024-05-25,12,17,22,27,31,https://www.lottery.net/california/fantasy-5/numbers/2024
2024-05-26,6,22,29,35,38,https://www.lottery.net/california/fantasy-5/numbers/2024
2024-05-27,10,14,19,32,35,https://www.lottery.net/california/fantasy-5/numbers/2024
2024-05-28,2,6,31,36,39,https://www.lottery.net/california/fantasy-5/numbers/2024
2024-05-29,4,8,13,21,29,https://www.lottery.net/california/fantasy-5/numbers/2024
2024-05-30,2,15,23,24,27,https://www.lottery.net/california/fantasy-5/numbers/2024
2024-05-31,8,14,16,21,31,https://www.lottery.net/california/fantasy-5/numbers/2024
2024-06-01,3,21,24,30,39,https://www.lottery.net/california/fantasy-5/numbers/2024
2024-06-02,1,12,17,34,36,https://www.lottery.net/california/fantasy-5/numbers/2024
2024-06-03,1,8,15,30,31,https://www.lottery.net/california/fantasy-5/numbers/2024
2024-06-04,2,5,22,23,30,https://www.lottery.net/california/fantasy-5/numbers/2024
2024-06-05,6,22,23,33,34,https://www.lottery.net/california/fantasy-5/numbers/2024
2024-06-06,7,18,21,31,33,https://www.lottery.net/california/fantasy-5/numbers/2024
2024-06-07,3,9,10,15,26,https://www.lottery.net/california/fantasy-5/numbers/2024
2024-06-08,10,13,17,18,23,https://www.lottery.net/california/fantasy-5/numbers/2024
2024-06-09,8,18,24,27,28,https://www.lottery.net/california/fantasy-5/numbers/2024
2024-06-10,15,16,20,27,38,https://www.lottery.net/california/fantasy-5/numbers/2024
2024-06-11,1,4,25,26,29,https://www.lottery.net/california/fantasy-5/numbers/2024
2024-06-12,5,17,29,30,36,https://www.lottery.net/california/fantasy-5/numbers/2024
2024-06-13,2,13,20,26,31,https://www.lottery.net/california/fantasy-5/numbers/2024
2024-06-14,16,18,31,38,39,https://www.lottery.net/california/fantasy-5/numbers/2024
2024-06-15,10,12,24,30,37,https://www.lottery.net/california/fantasy-5/numbers/2024
2024-06-16,10,12,14,16,25,https://www.lottery.net/california/fantasy-5/numbers/2024
2024-06-17,6,7,15,18,35,https://www.lottery.net/california/fantasy-5/numbers/2024
2024-06-18,4,20,21,22,31,https://www.lottery.net/california/fantasy-5/numbers/2024
2024-06-19,2,7,14,28,37,https://www.lottery.net/california/fantasy-5/numbers/2024
2024-06-20,12,14,20,25,37,https://www.lottery.net/california/fantasy-5/numbers/2024
2024-06-21,5,15,30,32,33,https://www.lottery.net/california/fantasy-5/numbers/2024
2024-06-22,7,8,10,21,27,https://www.lottery.net/california/fantasy-5/numbers/2024
2024-06-23,10,12,14,16,32,https://www.lottery.net/california/fantasy-5/numbers/2024
2024-06-24,1,18,25,26,38,https://www.lottery.net/california/fantasy-5/numbers/2024
2024-06-25,2,18,31,34,37,https://www.lottery.net/california/fantasy-5/numbers/2024
2024-06-26,6,9,22,24,37,https://www.lottery.net/california/fantasy-5/numbers/2024
2024-06-27,1,7,32,33,37,https://www.lottery.net/california/fantasy-5/numbers/2024
2024-06-28,2,26,31,33,36,https://www.lottery.net/california/fantasy-5/numbers/2024
2024-06-29,14,27,32,33,35,https://www.lottery.net/california/fantasy-5/numbers/2024
2024-06-30,7,17,24,28,38,https://www.lottery.net/california/fantasy-5/numbers/2024
2024-07-01,11,15,16,20,38,https://www.lottery.net/california/fantasy-5/numbers/2024
2024-07-02,1,4,15,16,28,https://www.lottery.net/california/fantasy-5/numbers/2024
2024-07-03,3,4,8,17,31,https://www.lottery.net/california/fantasy-5/numbers/2024
2024-07-04,2,11,13,25,36,https://www.lottery.net/california/fantasy-5/numbers/2024
2024-07-05,12,18,30,31,36,https://www.lottery.net/california/fantasy-5/numbers/2024
2024-07-06,2,5,10,24,28,https://www.lottery.net/california/fantasy-5/numbers/2024
2024-07-07,16,21,27,30,39,https://www.lottery.net/california/fantasy-5/numbers/2024
2024-07-08,3,18,21,29,38,https://www.lottery.net/california/fantasy-5/numbers/2024
2024-07-09,1,3,7,14,31,https://www.lottery.net/california/fantasy-5/numbers/2024
2024-07-10,4,23,25,27,34,https://www.lottery.net/california/fantasy-5/numbers/2024
2024-07-11,8,26,29,35,36,https://www.lottery.net/california/fantasy-5/numbers/2024
2024-07-12,11,15,16,32,37,https://www.lottery.net/california/fantasy-5/numbers/2024
2024-07-13,8,12,24,26,27,https://www.lottery.net/california/fantasy-5/numbers/2024
2024-07-14,2,5,9,30,32,https://www.lottery.net/california/fantasy-5/numbers/2024
2024-07-15,3,16,25,28,36,https://www.lottery.net/california/fantasy-5/numbers/2024
2024-07-16,2,5,23,27,34,https://www.lottery.net/california/fantasy-5/numbers/2024
2024-07-17,13,20,21,28,38,https://www.lottery.net/california/fantasy-5/numbers/2024
2024-07-18,8,12,14,19,29,https://www.lottery.net/california/fantasy-5/numbers/2024
2024-07-19,6,9,26,27,30,https://www.lottery.net/california/fantasy-5/numbers/2024
2024-07-20,8,13,23,31,38,https://www.lottery.net/california/fantasy-5/numbers/2024
2024-07-21,7,26,29,35,36,https://www.lottery.net/california/fantasy-5/numbers/2024
2024-07-22,1,4,11,26,30,https://www.lottery.net/california/fantasy-5/numbers/2024
2024-07-23,3,4,8,24,34,https://www.lottery.net/california/fantasy-5/numbers/2024
2024-07-24,3,4,6,26,36,https://www.lottery.net/california/fantasy-5/numbers/2024
2024-07-25,3,7,33,36,39,https://www.lottery.net/california/fantasy-5/numbers/2024
2024-07-26,7,8,17,21,38,https://www.lottery.net/california/fantasy-5/numbers/2024
2024-07-27,7,11,16,19,33,https://www.lottery.net/california/fantasy-5/numbers/2024
2024-07-28,5,16,18,32,36,https://www.lottery.net/california/fantasy-5/numbers/2024
2024-07-29,1,22,23,25,34,https://www.lottery.net/california/fantasy-5/numbers/2024
2024-07-30,5,10,26,32,38,https://www.lottery.net/california/fantasy-5/numbers/2024
2024-07-31,15,20,25,28,36,https://www.lottery.net/california/fantasy-5/numbers/2024
2024-08-01,3,6,19,22,37,https://www.lottery.net/california/fantasy-5/numbers/2024
2024-08-02,11,19,23,28,38,https://www.lottery.net/california/fantasy-5/numbers/2024
2024-08-03,25,30,31,32,37,https://www.lottery.net/california/fantasy-5/numbers/2024
2024-08-04,1,4,15,31,36,https://www.lottery.net/california/fantasy-5/numbers/2024
2024-08-05,5,15,25,31,37,https://www.lottery.net/california/fantasy-5/numbers/2024
2024-08-06,4,9,19,34,35,https://www.lottery.net/california/fantasy-5/numbers/2024
2024-08-07,1,2,15,18,29,https://www.lottery.net/california/fantasy-5/numbers/2024
2024-08-08,2,4,30,34,39,https://www.lottery.net/california/fantasy-5/numbers/2024
2024-08-09,3,7,15,22,38,https://www.lottery.net/california/fantasy-5/numbers/2024
2024-08-10,3,12,14,25,32,https://www.lottery.net/california/fantasy-5/numbers/2024
2024-08-11,2,7,26,30,34,https://www.lottery.net/california/fantasy-5/numbers/2024
2024-08-12,17,18,29,30,39,https://www.lottery.net/california/fantasy-5/numbers/2024
2024-08-13,4,14,23,25,33,https://www.lottery.net/california/fantasy-5/numbers/2024
2024-08-14,7,10,17,21,32,https://www.lottery.net/california/fantasy-5/numbers/2024
2024-08-15,5,10,17,19,22,https://www.lottery.net/california/fantasy-5/numbers/2024
2024-08-16,2,15,21,33,39,https://www.lottery.net/california/fantasy-5/numbers/2024
2024-08-17,9,16,26,33,39,https://www.lottery.net/california/fantasy-5/numbers/2024
2024-08-18,2,17,31,32,38,https://www.lottery.net/california/fantasy-5/numbers/2024
2024-08-19,18,23,31,36,38,https://www.lottery.net/california/fantasy-5/numbers/2024
2024-08-20,2,8,21,31,33,https://www.lottery.net/california/fantasy-5/numbers/2024
2024-08-21,16,19,20,31,37,https://www.lottery.net/california/fantasy-5/numbers/2024
2024-08-22,2,9,20,21,31,https://www.lottery.net/california/fantasy-5/numbers/2024
2024-08-23,2,10,11,12,14,https://www.lottery.net/california/fantasy-5/numbers/2024
2024-08-24,3,9,11,17,28,https://www.lottery.net/california/fantasy-5/numbers/2024
2024-08-25,12,15,23,34,35,https://www.lottery.net/california/fantasy-5/numbers/2024
2024-08-26,2,4,13,15,17,https://www.lottery.net/california/fantasy-5/numbers/2024
2024-08-27,13,21,27,34,35,https://www.lottery.net/california/fantasy-5/numbers/2024
2024-08-28,7,10,14,20,23,https://www.lottery.net/california/fantasy-5/numbers/2024
2024-08-29,2,8,9,22,25,https://www.lottery.net/california/fantasy-5/numbers/2024
2024-08-30,3,9,15,21,31,https://www.lottery.net/california/fantasy-5/numbers/2024
2024-08-31,3,11,20,21,22,https://www.lottery.net/california/fantasy-5/numbers/2024
2024-09-01,9,10,25,31,33,https://www.lottery.net/california/fantasy-5/numbers/2024
2024-09-02,1,6,8,10,36,https://www.lottery.net/california/fantasy-5/numbers/2024
2024-09-03,7,16,19,20,32,https://www.lottery.net/california/fantasy-5/numbers/2024
2024-09-04,11,13,15,18,28,https://www.lottery.net/california/fantasy-5/numbers/2024
2024-09-05,4,13,23,26,38,https://www.lottery.net/california/fantasy-5/numbers/2024
2024-09-06,19,24,31,37,38,https://www.lottery.net/california/fantasy-5/numbers/2024
2024-09-07,9,11,16,18,30,https://www.lottery.net/california/fantasy-5/numbers/2024
2024-09-08,7,27,29,31,36,https://www.lottery.net/california/fantasy-5/numbers/2024
2024-09-09,5,9,21,32,36,https://www.lottery.net/california/fantasy-5/numbers/2024
2024-09-10,8,9,11,16,36,https://www.lottery.net/california/fantasy-5/numbers/2024
2024-09-11,6,12,21,27,37,https://www.lottery.net/california/fantasy-5/numbers/2024
2024-09-12,7,11,17,24,28,https://www.lottery.net/california/fantasy-5/numbers/2024
2024-09-13,30,31,32,34,35,https://www.lottery.net/california/fantasy-5/numbers/2024
2024-09-14,8,14,20,22,36,https://www.lottery.net/california/fantasy-5/numbers/2024
2024-09-15,8,10,24,25,30,https://www.lottery.net/california/fantasy-5/numbers/2024
2024-09-16,2,14,20,21,25,https://www.lottery.net/california/fantasy-5/numbers/2024
2024-09-17,1,22,28,30,38,https://www.lottery.net/california/fantasy-5/numbers/2024
2024-09-18,1,18,33,37,39,https://www.lottery.net/california/fantasy-5/numbers/2024
2024-09-19,10,12,28,35,36,https://www.lottery.net/california/fantasy-5/numbers/2024
2024-09-20,6,10,12,27,35,https://www.lottery.net/california/fantasy-5/numbers/2024
2024-09-21,1,10,13,14,35,https://www.lottery.net/california/fantasy-5/numbers/2024
2024-09-22,4,8,20,22,24,https://www.lottery.net/california/fantasy-5/numbers/2024
2024-09-23,15,17,22,26,32,https://www.lottery.net/california/fantasy-5/numbers/2024
2024-09-24,10,16,18,19,35,https://www.lottery.net/california/fantasy-5/numbers/2024
2024-09-25,2,5,7,15,29,https://www.lottery.net/california/fantasy-5/numbers/2024
2024-09-26,5,19,22,23,30,https://www.lottery.net/california/fantasy-5/numbers/2024
2024-09-27,5,10,13,20,21,https://www.lottery.net/california/fantasy-5/numbers/2024
2024-09-28,15,22,26,32,38,https://www.lottery.net/california/fantasy-5/numbers/2024
2024-09-29,3,6,17,18,33,https://www.lottery.net/california/fantasy-5/numbers/2024
2024-09-30,8,10,21,23,27,https://www.lottery.net/california/fantasy-5/numbers/2024
2024-10-01,5,6,13,25,38,https://www.lottery.net/california/fantasy-5/numbers/2024
2024-10-02,11,17,18,29,33,https://www.lottery.net/california/fantasy-5/numbers/2024
2024-10-03,9,25,29,31,38,https://www.lottery.net/california/fantasy-5/numbers/2024
2024-10-04,4,18,33,35,38,https://www.lottery.net/california/fantasy-5/numbers/2024
2024-10-05,9,15,16,30,31,https://www.lottery.net/california/fantasy-5/numbers/2024
2024-10-06,10,24,25,29,39,https://www.lottery.net/california/fantasy-5/numbers/2024
2024-10-07,6,16,19,35,37,https://www.lottery.net/california/fantasy-5/numbers/2024
2024-10-08,7,11,20,25,34,https://www.lottery.net/california/fantasy-5/numbers/2024
2024-10-09,1,6,23,27,38,https://www.lottery.net/california/fantasy-5/numbers/2024
2024-10-10,1,5,9,11,13,https://www.lottery.net/california/fantasy-5/numbers/2024
2024-10-11,5,9,19,21,38,https://www.lottery.net/california/fantasy-5/numbers/2024
2024-10-12,7,14,28,33,39,https://www.lottery.net/california/fantasy-5/numbers/2024
2024-10-13,16,21,28,36,38,https://www.lottery.net/california/fantasy-5/numbers/2024
2024-10-14,2,8,18,24,37,https://www.lottery.net/california/fantasy-5/numbers/2024
2024-10-15,13,15,19,27,30,https://www.lottery.net/california/fantasy-5/numbers/2024
2024-10-16,1,9,12,19,30,https://www.lottery.net/california/fantasy-5/numbers/2024
2024-10-17,8,9,11,34,36,https://www.lottery.net/california/fantasy-5/numbers/2024
2024-10-18,8,13,14,26,35,https://www.lottery.net/california/fantasy-5/numbers/2024
2024-10-19,5,7,19,25,38,https://www.lottery.net/california/fantasy-5/numbers/2024
2024-10-20,12,16,21,24,38,https://www.lottery.net/california/fantasy-5/numbers/2024
2024-10-21,2,5,12,36,39,https://www.lottery.net/california/fantasy-5/numbers/2024
2024-10-22,12,30,34,35,38,https://www.lottery.net/california/fantasy-5/numbers/2024
2024-10-23,1,17,33,37,39,https://www.lottery.net/california/fantasy-5/numbers/2024
2024-10-24,7,9,16,21,32,https://www.lottery.net/california/fantasy-5/numbers/2024
2024-10-25,6,9,15,22,26,https://www.lottery.net/california/fantasy-5/numbers/2024
2024-10-26,2,3,4,12,26,https://www.lottery.net/california/fantasy-5/numbers/2024
2024-10-27,1,18,27,31,35,https://www.lottery.net/california/fantasy-5/numbers/2024
2024-10-28,5,11,19,32,38,https://www.lottery.net/california/fantasy-5/numbers/2024
2024-10-29,9,18,23,30,34,https://www.lottery.net/california/fantasy-5/numbers/2024
2024-10-30,1,18,27,37,39,https://www.lottery.net/california/fantasy-5/numbers/2024
2024-10-31,12,18,21,34,39,https://www.lottery.net/california/fantasy-5/numbers/2024
2024-11-01,6,8,24,27,36,https://www.lottery.net/california/fantasy-5/numbers/2024
2024-11-02,2,5,12,28,37,https://www.lottery.net/california/fantasy-5/numbers/2024
2024-11-03,2,3,11,33,35,https://www.lottery.net/california/fantasy-5/numbers/2024
2024-11-04,10,16,26,29,36,https://www.lottery.net/california/fantasy-5/numbers/2024
2024-11-05,18,21,23,29,32,https://www.lottery.net/california/fantasy-5/numbers/2024
2024-11-06,1,11,12,32,39,https://www.lottery.net/california/fantasy-5/numbers/2024
2024-11-07,6,8,10,15,24,https://www.lottery.net/california/fantasy-5/numbers/2024
2024-11-08,3,15,32,33,37,https://www.lottery.net/california/fantasy-5/numbers/2024
2024-11-09,15,16,18,28,36,https://www.lottery.net/california/fantasy-5/numbers/2024
2024-11-10,1,7,11,25,28,https://www.lottery.net/california/fantasy-5/numbers/2024
2024-11-11,7,10,29,30,34,https://www.lottery.net/california/fantasy-5/numbers/2024
2024-11-12,3,5,15,21,28,https://www.lottery.net/california/fantasy-5/numbers/2024
2024-11-13,6,10,14,26,29,https://www.lottery.net/california/fantasy-5/numbers/2024
2024-11-14,11,16,20,22,26,https://www.lottery.net/california/fantasy-5/numbers/2024
2024-11-15,11,13,19,21,34,https://www.lottery.net/california/fantasy-5/numbers/2024
2024-11-16,23,32,35,36,38,https://www.lottery.net/california/fantasy-5/numbers/2024
2024-11-17,2,11,22,31,39,https://www.lottery.net/california/fantasy-5/numbers/2024
2024-11-18,12,16,24,25,39,https://www.lottery.net/california/fantasy-5/numbers/2024
2024-11-19,23,27,28,36,39,https://www.lottery.net/california/fantasy-5/numbers/2024
2024-11-20,22,24,29,35,38,https://www.lottery.net/california/fantasy-5/numbers/2024
2024-11-21,1,6,21,27,33,https://www.lottery.net/california/fantasy-5/numbers/2024
2024-11-22,1,7,10,11,24,https://www.lottery.net/california/fantasy-5/numbers/2024
2024-11-23,2,14,25,26,34,https://www.lottery.net/california/fantasy-5/numbers/2024
2024-11-24,3,5,17,26,37,https://www.lottery.net/california/fantasy-5/numbers/2024
2024-11-25,1,6,10,14,20,https://www.lottery.net/california/fantasy-5/numbers/2024
2024-11-26,3,6,15,20,31,https://www.lottery.net/california/fantasy-5/numbers/2024
2024-11-27,3,10,12,29,33,https://www.lottery.net/california/fantasy-5/numbers/2024
2024-11-28,9,19,27,32,36,https://www.lottery.net/california/fantasy-5/numbers/2024
2024-11-29,20,22,25,29,36,https://www.lottery.net/california/fantasy-5/numbers/2024
2024-11-30,15,16,20,32,37,https://www.lottery.net/california/fantasy-5/numbers/2024
2024-12-01,9,11,31,33,35,https://www.lottery.net/california/fantasy-5/numbers/2024
2024-12-02,2,3,22,25,28,https://www.lottery.net/california/fantasy-5/numbers/2024
2024-12-03,4,6,9,34,35,https://www.lottery.net/california/fantasy-5/numbers/2024
2024-12-04,7,14,16,19,26,https://www.lottery.net/california/fantasy-5/numbers/2024
2024-12-05,1,4,11,13,35,https://www.lottery.net/california/fantasy-5/numbers/2024
2024-12-06,6,11,17,26,39,https://www.lottery.net/california/fantasy-5/numbers/2024
2024-12-07,2,9,11,25,29,https://www.lottery.net/california/fantasy-5/numbers/2024
2024-12-08,4,6,7,13,32,https://www.lottery.net/california/fantasy-5/numbers/2024
2024-12-09,2,7,8,21,33,https://www.lottery.net/california/fantasy-5/numbers/2024
2024-12-10,12,20,21,25,31,https://www.lottery.net/california/fantasy-5/numbers/2024
2024-12-11,8,18,21,28,37,https://www.lottery.net/california/fantasy-5/numbers/2024
2024-12-12,9,15,16,30,36,https://www.lottery.net/california/fantasy-5/numbers/2024
2024-12-13,2,5,6,18,32,https://www.lottery.net/california/fantasy-5/numbers/2024
2024-12-14,10,19,24,26,33,https://www.lottery.net/california/fantasy-5/numbers/2024
2024-12-15,6,7,9,10,18,https://www.lottery.net/california/fantasy-5/numbers/2024
2024-12-16,5,13,20,33,34,https://www.lottery.net/california/fantasy-5/numbers/2024
2024-12-17,10,14,27,29,35,https://www.lottery.net/california/fantasy-5/numbers/2024
2024-12-18,2,10,13,19,25,https://www.lottery.net/california/fantasy-5/numbers/2024
2024-12-19,1,11,14,32,39,https://www.lottery.net/california/fantasy-5/numbers/2024
2024-12-20,6,12,15,18,35,https://www.lottery.net/california/fantasy-5/numbers/2024
2024-12-21,10,24,25,35,38,https://www.lottery.net/california/fantasy-5/numbers/2024
2024-12-22,4,20,27,28,32,https://www.lottery.net/california/fantasy-5/numbers/2024
2024-12-23,5,20,30,36,37,https://www.lottery.net/california/fantasy-5/numbers/2024
2024-12-24,7,14,34,35,39,https://www.lottery.net/california/fantasy-5/numbers/2024
2024-12-25,1,4,18,19,33,https://www.lottery.net/california/fantasy-5/numbers/2024
2024-12-26,14,18,24,28,33,https://www.lottery.net/california/fantasy-5/numbers/2024
2024-12-27,20,21,24,29,37,https://www.lottery.net/california/fantasy-5/numbers/2024
2024-12-28,2,6,21,24,39,https://www.lottery.net/california/fantasy-5/numbers/2024
2024-12-29,2,9,14,33,39,https://www.lottery.net/california/fantasy-5/numbers/2024
2024-12-30,8,13,32,33,37,https://www.lottery.net/california/fantasy-5/numbers/2024
2024-12-31,3,14,21,37,39,https://www.lottery.net/california/fantasy-5/numbers/2024
2025-01-01,4,9,11,22,39,https://www.lottery.net/california/fantasy-5/numbers/2025
2025-01-02,3,6,7,19,34,https://www.lottery.net/california/fantasy-5/numbers/2025
2025-01-03,15,23,25,26,32,https://www.lottery.net/california/fantasy-5/numbers/2025
2025-01-04,11,15,17,22,35,https://www.lottery.net/california/fantasy-5/numbers/2025
2025-01-05,5,25,34,36,39,https://www.lottery.net/california/fantasy-5/numbers/2025
2025-01-06,7,10,14,25,38,https://www.lottery.net/california/fantasy-5/numbers/2025
2025-01-07,4,10,23,26,34,https://www.lottery.net/california/fantasy-5/numbers/2025
2025-01-08,16,24,29,32,36,https://www.lottery.net/california/fantasy-5/numbers/2025
2025-01-09,6,20,22,30,39,https://www.lottery.net/california/fantasy-5/numbers/2025
2025-01-10,4,19,21,26,29,https://www.lottery.net/california/fantasy-5/numbers/2025
2025-01-11,6,9,19,32,39,https://www.lottery.net/california/fantasy-5/numbers/2025
2025-01-12,3,13,19,21,36,https://www.lottery.net/california/fantasy-5/numbers/2025
2025-01-13,11,15,32,33,36,https://www.lottery.net/california/fantasy-5/numbers/2025
2025-01-14,6,8,21,23,26,https://www.lottery.net/california/fantasy-5/numbers/2025
2025-01-15,4,5,6,18,21,https://www.lottery.net/california/fantasy-5/numbers/2025
2025-01-16,4,6,25,31,33,https://www.lottery.net/california/fantasy-5/numbers/2025
2025-01-17,20,25,29,35,36,https://www.lottery.net/california/fantasy-5/numbers/2025
2025-01-18,4,8,13,19,26,https://www.lottery.net/california/fantasy-5/numbers/2025
2025-01-19,5,10,18,19,30,https://www.lottery.net/california/fantasy-5/numbers/2025
2025-01-20,4,5,24,31,34,https://www.lottery.net/california/fantasy-5/numbers/2025
2025-01-21,15,20,21,25,33,https://www.lottery.net/california/fantasy-5/numbers/2025
2025-01-22,12,25,27,34,38,https://www.lottery.net/california/fantasy-5/numbers/2025
2025-01-23,2,6,21,28,31,https://www.lottery.net/california/fantasy-5/numbers/2025
2025-01-24,1,4,6,21,32,https://www.lottery.net/california/fantasy-5/numbers/2025
2025-01-25,4,21,23,27,29,https://www.lottery.net/california/fantasy-5/numbers/2025
2025-01-26,15,18,21,30,37,https://www.lottery.net/california/fantasy-5/numbers/2025
2025-01-27,5,6,7,8,16,https://www.lottery.net/california/fantasy-5/numbers/2025
2025-01-28,5,8,9,19,20,https://www.lottery.net/california/fantasy-5/numbers/2025
2025-01-29,5,19,29,31,33,https://www.lottery.net/california/fantasy-5/numbers/2025
2025-01-30,12,16,18,25,33,https://www.lottery.net/california/fantasy-5/numbers/2025
2025-01-31,6,10,12,16,30,https://www.lottery.net/california/fantasy-5/numbers/2025
2025-02-01,3,6,14,21,36,https://www.lottery.net/california/fantasy-5/numbers/2025
2025-02-02,16,18,36,38,39,https://www.lottery.net/california/fantasy-5/numbers/2025
2025-02-03,2,12,17,21,38,https://www.lottery.net/california/fantasy-5/numbers/2025
2025-02-04,1,5,6,34,37,https://www.lottery.net/california/fantasy-5/numbers/2025
2025-02-05,6,18,33,35,36,https://www.lottery.net/california/fantasy-5/numbers/2025
2025-02-06,5,7,11,14,16,https://www.lottery.net/california/fantasy-5/numbers/2025
2025-02-07,13,14,15,23,33,https://www.lottery.net/california/fantasy-5/numbers/2025
2025-02-08,3,8,17,25,35,https://www.lottery.net/california/fantasy-5/numbers/2025
2025-02-09,3,7,32,33,35,https://www.lottery.net/california/fantasy-5/numbers/2025
2025-02-10,6,14,17,20,24,https://www.lottery.net/california/fantasy-5/numbers/2025
2025-02-11,18,22,25,33,37,https://www.lottery.net/california/fantasy-5/numbers/2025
2025-02-12,4,7,13,16,20,https://www.lottery.net/california/fantasy-5/numbers/2025
2025-02-13,1,10,26,30,34,https://www.lottery.net/california/fantasy-5/numbers/2025
2025-02-14,5,16,20,26,30,https://www.lottery.net/california/fantasy-5/numbers/2025
2025-02-15,7,25,28,30,37,https://www.lottery.net/california/fantasy-5/numbers/2025
2025-02-16,4,25,28,31,32,https://www.lottery.net/california/fantasy-5/numbers/2025
2025-02-17,3,4,31,32,39,https://www.lottery.net/california/fantasy-5/numbers/2025
2025-02-18,3,10,14,20,26,https://www.lottery.net/california/fantasy-5/numbers/2025
2025-02-19,5,7,24,28,33,https://www.lottery.net/california/fantasy-5/numbers/2025
2025-02-20,3,5,11,20,28,https://www.lottery.net/california/fantasy-5/numbers/2025
2025-02-21,14,22,25,31,32,https://www.lottery.net/california/fantasy-5/numbers/2025
2025-02-22,15,27,30,32,35,https://www.lottery.net/california/fantasy-5/numbers/2025
2025-02-23,2,9,20,22,38,https://www.lottery.net/california/fantasy-5/numbers/2025
2025-02-24,7,13,17,27,34,https://www.lottery.net/california/fantasy-5/numbers/2025
2025-02-25,7,11,12,21,33,https://www.lottery.net/california/fantasy-5/numbers/2025
2025-02-26,3,12,13,22,37,https://www.lottery.net/california/fantasy-5/numbers/2025
2025-02-27,18,19,24,25,34,https://www.lottery.net/california/fantasy-5/numbers/2025
2025-02-28,10,11,19,28,37,https://www.lottery.net/california/fantasy-5/numbers/2025
2025-03-01,3,25,28,33,39,https://www.lottery.net/california/fantasy-5/numbers/2025
2025-03-02,1,4,17,26,39,https://www.lottery.net/california/fantasy-5/numbers/2025
2025-03-03,6,9,28,31,36,https://www.lottery.net/california/fantasy-5/numbers/2025
2025-03-04,14,18,20,22,32,https://www.lottery.net/california/fantasy-5/numbers/2025
2025-03-05,8,18,26,29,34,https://www.lottery.net/california/fantasy-5/numbers/2025
2025-03-06,3,4,8,19,34,https://www.lottery.net/california/fantasy-5/numbers/2025
2025-03-07,9,11,18,30,35,https://www.lottery.net/california/fantasy-5/numbers/2025
2025-03-08,1,11,18,31,37,https://www.lottery.net/california/fantasy-5/numbers/2025
2025-03-09,3,9,20,30,36,https://www.lottery.net/california/fantasy-5/numbers/2025
2025-03-10,17,25,26,35,37,https://www.lottery.net/california/fantasy-5/numbers/2025
2025-03-11,9,11,17,22,32,https://www.lottery.net/california/fantasy-5/numbers/2025
2025-03-12,3,9,35,37,38,https://www.lottery.net/california/fantasy-5/numbers/2025
2025-03-13,8,14,19,27,33,https://www.lottery.net/california/fantasy-5/numbers/2025
2025-03-14,5,7,9,21,27,https://www.lottery.net/california/fantasy-5/numbers/2025
2025-03-15,5,6,8,30,31,https://www.lottery.net/california/fantasy-5/numbers/2025
2025-03-16,9,10,15,19,24,https://www.lottery.net/california/fantasy-5/numbers/2025
2025-03-17,3,13,19,24,29,https://www.lottery.net/california/fantasy-5/numbers/2025
2025-03-18,5,16,23,34,35,https://www.lottery.net/california/fantasy-5/numbers/2025
2025-03-19,17,29,30,35,36,https://www.lottery.net/california/fantasy-5/numbers/2025
2025-03-20,10,20,24,27,39,https://www.lottery.net/california/fantasy-5/numbers/2025
2025-03-21,9,13,14,18,35,https://www.lottery.net/california/fantasy-5/numbers/2025
2025-03-22,11,17,19,29,31,https://www.lottery.net/california/fantasy-5/numbers/2025
2025-03-23,1,7,16,28,31,https://www.lottery.net/california/fantasy-5/numbers/2025
2025-03-24,1,3,12,14,18,https://www.lottery.net/california/fantasy-5/numbers/2025
2025-03-25,1,9,11,14,28,https://www.lottery.net/california/fantasy-5/numbers/2025
2025-03-26,7,19,27,31,38,https://www.lottery.net/california/fantasy-5/numbers/2025
2025-03-27,12,27,30,35,39,https://www.lottery.net/california/fantasy-5/numbers/2025
2025-03-28,1,3,16,17,38,https://www.lottery.net/california/fantasy-5/numbers/2025
2025-03-29,9,14,28,37,39,https://www.lottery.net/california/fantasy-5/numbers/2025
2025-03-30,1,10,16,28,32,https://www.lottery.net/california/fantasy-5/numbers/2025
2025-03-31,18,26,32,36,38,https://www.lottery.net/california/fantasy-5/numbers/2025
2025-04-01,2,4,10,23,26,https://www.lottery.net/california/fantasy-5/numbers/2025
2025-04-02,8,16,22,28,37,https://www.lottery.net/california/fantasy-5/numbers/2025
2025-04-03,9,10,14,27,30,https://www.lottery.net/california/fantasy-5/numbers/2025
2025-04-04,2,8,10,17,32,https://www.lottery.net/california/fantasy-5/numbers/2025
2025-04-05,13,17,24,31,33,https://www.lottery.net/california/fantasy-5/numbers/2025
2025-04-06,2,10,13,32,37,https://www.lottery.net/california/fantasy-5/numbers/2025
2025-04-07,2,4,12,26,28,https://www.lottery.net/california/fantasy-5/numbers/2025
2025-04-08,3,9,12,14,31,https://www.lottery.net/california/fantasy-5/numbers/2025
2025-04-09,4,17,24,36,39,https://www.lottery.net/california/fantasy-5/numbers/2025
2025-04-10,14,16,20,28,30,https://www.lottery.net/california/fantasy-5/numbers/2025
2025-04-11,2,15,25,37,39,https://www.lottery.net/california/fantasy-5/numbers/2025
2025-04-12,3,13,23,31,34,https://www.lottery.net/california/fantasy-5/numbers/2025
2025-04-13,15,26,29,35,38,https://www.lottery.net/california/fantasy-5/numbers/2025
2025-04-14,1,17,25,27,34,https://www.lottery.net/california/fantasy-5/numbers/2025
2025-04-15,1,21,33,38,39,https://www.lottery.net/california/fantasy-5/numbers/2025
2025-04-16,11,13,30,33,39,https://www.lottery.net/california/fantasy-5/numbers/2025
2025-04-17,6,11,13,33,37,https://www.lottery.net/california/fantasy-5/numbers/2025
2025-04-18,7,21,27,29,36,https://www.lottery.net/california/fantasy-5/numbers/2025
2025-04-19,5,10,26,28,38,https://www.lottery.net/california/fantasy-5/numbers/2025
2025-04-20,9,12,13,29,34,https://www.lottery.net/california/fantasy-5/numbers/2025
2025-04-21,2,20,26,33,39,https://www.lottery.net/california/fantasy-5/numbers/2025
2025-04-22,16,17,26,28,33,https://www.lottery.net/california/fantasy-5/numbers/2025
2025-04-23,4,27,28,30,34,https://www.lottery.net/california/fantasy-5/numbers/2025
2025-04-24,1,6,16,19,20,https://www.lottery.net/california/fantasy-5/numbers/2025
2025-04-25,4,11,23,29,34,https://www.lottery.net/california/fantasy-5/numbers/2025
2025-04-26,2,6,20,29,38,https://www.lottery.net/california/fantasy-5/numbers/2025
2025-04-27,6,24,25,35,39,https://www.lottery.net/california/fantasy-5/numbers/2025
2025-04-28,9,22,28,32,38,https://www.lottery.net/california/fantasy-5/numbers/2025
2025-04-29,14,18,26,29,39,https://www.lottery.net/california/fantasy-5/numbers/2025
2025-04-30,9,24,27,28,37,https://www.lottery.net/california/fantasy-5/numbers/2025
2025-05-01,7,21,24,31,35,https://www.lottery.net/california/fantasy-5/numbers/2025
2025-05-02,11,13,25,37,39,https://www.lottery.net/california/fantasy-5/numbers/2025
2025-05-03,9,16,25,27,28,https://www.lottery.net/california/fantasy-5/numbers/2025
2025-05-04,6,9,32,33,34,https://www.lottery.net/california/fantasy-5/numbers/2025
2025-05-05,3,14,19,26,35,https://www.lottery.net/california/fantasy-5/numbers/2025
2025-05-06,10,12,34,36,37,https://www.lottery.net/california/fantasy-5/numbers/2025
2025-05-07,4,12,13,14,28,https://www.lottery.net/california/fantasy-5/numbers/2025
2025-05-08,20,24,28,33,39,https://www.lottery.net/california/fantasy-5/numbers/2025
2025-05-09,12,17,22,29,33,https://www.lottery.net/california/fantasy-5/numbers/2025
2025-05-10,3,4,9,17,26,https://www.lottery.net/california/fantasy-5/numbers/2025
2025-05-11,4,8,11,27,35,https://www.lottery.net/california/fantasy-5/numbers/2025
2025-05-12,1,2,18,36,39,https://www.lottery.net/california/fantasy-5/numbers/2025
2025-05-13,3,8,21,32,37,https://www.lottery.net/california/fantasy-5/numbers/2025
2025-05-14,6,14,21,22,32,https://www.lottery.net/california/fantasy-5/numbers/2025
2025-05-15,1,7,10,20,26,https://www.lottery.net/california/fantasy-5/numbers/2025
2025-05-16,2,17,24,35,36,https://www.lottery.net/california/fantasy-5/numbers/2025
2025-05-17,1,7,33,36,38,https://www.lottery.net/california/fantasy-5/numbers/2025
2025-05-18,10,21,23,24,31,https://www.lottery.net/california/fantasy-5/numbers/2025
2025-05-19,9,16,17,26,32,https://www.lottery.net/california/fantasy-5/numbers/2025
2025-05-20,3,9,21,29,32,https://www.lottery.net/california/fantasy-5/numbers/2025
2025-05-21,2,3,8,14,20,https://www.lottery.net/california/fantasy-5/numbers/2025
2025-05-22,3,17,23,24,27,https://www.lottery.net/california/fantasy-5/numbers/2025
2025-05-23,9,18,20,25,38,https://www.lottery.net/california/fantasy-5/numbers/2025
2025-05-24,5,22,23,37,39,https://www.lottery.net/california/fantasy-5/numbers/2025
2025-05-25,2,5,7,16,30,https://www.lottery.net/california/fantasy-5/numbers/2025
2025-05-26,6,11,22,28,36,https://www.lottery.net/california/fantasy-5/numbers/2025
2025-05-27,13,20,25,34,35,https://www.lottery.net/california/fantasy-5/numbers/2025
2025-05-28,10,22,30,31,37,https://www.lottery.net/california/fantasy-5/numbers/2025
2025-05-29,10,17,19,20,21,https://www.lottery.net/california/fantasy-5/numbers/2025
2025-05-30,2,6,20,29,39,https://www.lottery.net/california/fantasy-5/numbers/2025
2025-05-31,20,23,27,34,38,https://www.lottery.net/california/fantasy-5/numbers/2025
2025-06-01,3,17,20,23,34,https://www.lottery.net/california/fantasy-5/numbers/2025
2025-06-02,1,2,3,12,23,https://www.lottery.net/california/fantasy-5/numbers/2025
2025-06-03,5,23,29,32,37,https://www.lottery.net/california/fantasy-5/numbers/2025
2025-06-04,2,3,9,15,33,https://www.lottery.net/california/fantasy-5/numbers/2025
2025-06-05,2,8,12,27,30,https://www.lottery.net/california/fantasy-5/numbers/2025
2025-06-06,4,15,17,22,27,https://www.lottery.net/california/fantasy-5/numbers/2025
2025-06-07,10,16,18,27,34,https://www.lottery.net/california/fantasy-5/numbers/2025
2025-06-08,6,17,18,29,39,https://www.lottery.net/california/fantasy-5/numbers/2025
2025-06-09,9,11,14,30,32,https://www.lottery.net/california/fantasy-5/numbers/2025
2025-06-10,5,10,12,20,33,https://www.lottery.net/california/fantasy-5/numbers/2025
2025-06-11,21,27,34,36,38,https://www.lottery.net/california/fantasy-5/numbers/2025
2025-06-12,10,13,25,27,33,https://www.lottery.net/california/fantasy-5/numbers/2025
2025-06-13,5,15,17,28,30,https://www.lottery.net/california/fantasy-5/numbers/2025
2025-06-14,11,19,24,32,39,https://www.lottery.net/california/fantasy-5/numbers/2025
2025-06-15,1,3,5,12,20,https://www.lottery.net/california/fantasy-5/numbers/2025
2025-06-16,2,8,18,34,36,https://www.lottery.net/california/fantasy-5/numbers/2025
2025-06-17,5,12,19,22,27,https://www.lottery.net/california/fantasy-5/numbers/2025
2025-06-18,10,14,18,31,38,https://www.lottery.net/california/fantasy-5/numbers/2025
2025-06-19,19,26,29,32,39,https://www.lottery.net/california/fantasy-5/numbers/2025
2025-06-20,16,17,18,19,20,https://www.lottery.net/california/fantasy-5/numbers/2025
2025-06-21,5,13,19,20,38,https://www.lottery.net/california/fantasy-5/numbers/2025
2025-06-22,6,10,13,21,27,https://www.lottery.net/california/fantasy-5/numbers/2025
2025-06-23,10,17,24,25,27,https://www.lottery.net/california/fantasy-5/numbers/2025
2025-06-24,2,11,16,23,39,https://www.lottery.net/california/fantasy-5/numbers/2025
2025-06-25,13,24,29,30,39,https://www.lottery.net/california/fantasy-5/numbers/2025
2025-06-26,8,22,23,28,32,https://www.lottery.net/california/fantasy-5/numbers/2025
2025-06-27,1,6,11,33,39,https://www.lottery.net/california/fantasy-5/numbers/2025
2025-06-28,14,22,27,37,38,https://www.lottery.net/california/fantasy-5/numbers/2025
2025-06-29,5,7,10,20,25,https://www.lottery.net/california/fantasy-5/numbers/2025
2025-06-30,4,18,22,34,36,https://www.lottery.net/california/fantasy-5/numbers/2025
2025-07-01,3,5,6,25,29,https://www.lottery.net/california/fantasy-5/numbers/2025
2025-07-02,9,15,32,35,37,https://www.lottery.net/california/fantasy-5/numbers/2025
2025-07-03,6,13,18,27,34,https://www.lottery.net/california/fantasy-5/numbers/2025
2025-07-04,1,8,34,35,37,https://www.lottery.net/california/fantasy-5/numbers/2025
2025-07-05,15,17,22,24,31,https://www.lottery.net/california/fantasy-5/numbers/2025
2025-07-06,10,12,16,24,34,https://www.lottery.net/california/fantasy-5/numbers/2025
2025-07-07,2,8,14,26,33,https://www.lottery.net/california/fantasy-5/numbers/2025
2025-07-08,11,24,29,34,37,https://www.lottery.net/california/fantasy-5/numbers/2025
2025-07-09,4,11,23,25,26,https://www.lottery.net/california/fantasy-5/numbers/2025
2025-07-10,20,22,28,36,39,https://www.lottery.net/california/fantasy-5/numbers/2025
2025-07-11,1,15,25,32,37,https://www.lottery.net/california/fantasy-5/numbers/2025
2025-07-12,1,3,7,37,38,https://www.lottery.net/california/fantasy-5/numbers/2025
2025-07-13,12,20,27,35,38,https://www.lottery.net/california/fantasy-5/numbers/2025
2025-07-14,5,10,17,24,33,https://www.lottery.net/california/fantasy-5/numbers/2025
2025-07-15,2,9,13,21,32,https://www.lottery.net/california/fantasy-5/numbers/2025
2025-07-16,2,7,28,34,39,https://www.lottery.net/california/fantasy-5/numbers/2025
2025-07-17,6,8,11,35,37,https://www.lottery.net/california/fantasy-5/numbers/2025
2025-07-18,3,6,13,22,31,https://www.lottery.net/california/fantasy-5/numbers/2025
2025-07-19,4,11,17,18,20,https://www.lottery.net/california/fantasy-5/numbers/2025
2025-07-20,1,4,11,23,27,https://www.lottery.net/california/fantasy-5/numbers/2025
2025-07-21,2,14,32,33,35,https://www.lottery.net/california/fantasy-5/numbers/2025
2025-07-22,10,11,13,21,29,https://www.lottery.net/california/fantasy-5/numbers/2025
2025-07-23,10,12,17,24,34,https://www.lottery.net/california/fantasy-5/numbers/2025
2025-07-24,2,4,11,15,32,https://www.lottery.net/california/fantasy-5/numbers/2025
2025-07-25,5,8,20,24,34,https://www.lottery.net/california/fantasy-5/numbers/2025
2025-07-26,13,19,30,35,38,https://www.lottery.net/california/fantasy-5/numbers/2025
2025-07-27,11,27,32,35,36,https://www.lottery.net/california/fantasy-5/numbers/2025
2025-07-28,3,17,18,25,32,https://www.lottery.net/california/fantasy-5/numbers/2025
2025-07-29,12,21,29,36,37,https://www.lottery.net/california/fantasy-5/numbers/2025
2025-07-30,9,12,23,26,36,https://www.lottery.net/california/fantasy-5/numbers/2025
2025-07-31,3,12,16,18,19,https://www.lottery.net/california/fantasy-5/numbers/2025
2025-08-01,2,10,12,14,23,https://www.lottery.net/california/fantasy-5/numbers/2025
2025-08-02,9,14,17,26,28,https://www.lottery.net/california/fantasy-5/numbers/2025
2025-08-03,5,11,22,32,35,https://www.lottery.net/california/fantasy-5/numbers/2025
2025-08-04,4,8,10,17,21,https://www.lottery.net/california/fantasy-5/numbers/2025
2025-08-05,17,19,27,32,38,https://www.lottery.net/california/fantasy-5/numbers/2025
2025-08-06,10,12,24,26,31,https://www.lottery.net/california/fantasy-5/numbers/2025
2025-08-07,7,9,21,27,30,https://www.lottery.net/california/fantasy-5/numbers/2025
2025-08-08,7,18,19,36,37,https://www.lottery.net/california/fantasy-5/numbers/2025
2025-08-09,3,4,25,34,37,https://www.lottery.net/california/fantasy-5/numbers/2025
2025-08-10,2,6,19,30,37,https://www.lottery.net/california/fantasy-5/numbers/2025
2025-08-11,4,9,14,21,27,https://www.lottery.net/california/fantasy-5/numbers/2025
2025-08-12,3,6,9,32,39,https://www.lottery.net/california/fantasy-5/numbers/2025
2025-08-13,14,18,24,32,33,https://www.lottery.net/california/fantasy-5/numbers/2025
2025-08-14,13,17,23,29,35,https://www.lottery.net/california/fantasy-5/numbers/2025
2025-08-15,13,23,32,33,38,https://www.lottery.net/california/fantasy-5/numbers/2025
2025-08-16,1,2,9,11,39,https://www.lottery.net/california/fantasy-5/numbers/2025
2025-08-17,10,14,17,21,30,https://www.lottery.net/california/fantasy-5/numbers/2025
2025-08-18,3,13,15,19,37,https://www.lottery.net/california/fantasy-5/numbers/2025
2025-08-19,14,22,26,29,33,https://www.lottery.net/california/fantasy-5/numbers/2025
2025-08-20,6,20,33,34,35,https://www.lottery.net/california/fantasy-5/numbers/2025
2025-08-21,9,10,25,31,34,https://www.lottery.net/california/fantasy-5/numbers/2025
2025-08-22,19,21,26,34,37,https://www.lottery.net/california/fantasy-5/numbers/2025
2025-08-23,1,19,21,26,30,https://www.lottery.net/california/fantasy-5/numbers/2025
2025-08-24,5,14,20,37,39,https://www.lottery.net/california/fantasy-5/numbers/2025
2025-08-25,15,22,25,38,39,https://www.lottery.net/california/fantasy-5/numbers/2025
2025-08-26,3,14,27,31,33,https://www.lottery.net/california/fantasy-5/numbers/2025
2025-08-27,4,15,17,18,38,https://www.lottery.net/california/fantasy-5/numbers/2025
2025-08-28,14,21,23,33,36,https://www.lottery.net/california/fantasy-5/numbers/2025
2025-08-29,2,17,22,25,37,https://www.lottery.net/california/fantasy-5/numbers/2025
2025-08-30,1,3,20,29,36,https://www.lottery.net/california/fantasy-5/numbers/2025
2025-08-31,2,10,28,33,39,https://www.lottery.net/california/fantasy-5/numbers/2025
2025-09-01,7,30,33,36,38,https://www.lottery.net/california/fantasy-5/numbers/2025
2025-09-02,2,7,18,19,30,https://www.lottery.net/california/fantasy-5/numbers/2025
2025-09-03,9,10,17,18,32,https://www.lottery.net/california/fantasy-5/numbers/2025
2025-09-04,11,15,18,36,37,https://www.lottery.net/california/fantasy-5/numbers/2025
2025-09-05,15,17,20,33,34,https://www.lottery.net/california/fantasy-5/numbers/2025
2025-09-06,3,5,31,33,35,https://www.lottery.net/california/fantasy-5/numbers/2025
2025-09-07,3,9,12,23,26,https://www.lottery.net/california/fantasy-5/numbers/2025
2025-09-08,2,16,29,34,38,https://www.lottery.net/california/fantasy-5/numbers/2025
2025-09-09,13,16,22,36,38,https://www.lottery.net/california/fantasy-5/numbers/2025
2025-09-10,10,11,21,25,30,https://www.lottery.net/california/fantasy-5/numbers/2025
2025-09-11,11,15,22,23,32,https://www.lottery.net/california/fantasy-5/numbers/2025
2025-09-12,6,21,23,28,31,https://www.lottery.net/california/fantasy-5/numbers/2025
2025-09-13,1,9,25,26,30,https://www.lottery.net/california/fantasy-5/numbers/2025
2025-09-14,2,19,21,23,24,https://www.lottery.net/california/fantasy-5/numbers/2025
2025-09-15,7,8,27,28,34,https://www.lottery.net/california/fantasy-5/numbers/2025
2025-09-16,8,10,11,14,29,https://www.lottery.net/california/fantasy-5/numbers/2025
2025-09-17,2,7,12,30,32,https://www.lottery.net/california/fantasy-5/numbers/2025
2025-09-18,3,8,27,29,32,https://www.lottery.net/california/fantasy-5/numbers/2025
2025-09-19,9,11,28,31,35,https://www.lottery.net/california/fantasy-5/numbers/2025
2025-09-20,6,15,16,23,31,https://www.lottery.net/california/fantasy-5/numbers/2025
2025-09-21,9,18,19,24,30,https://www.lottery.net/california/fantasy-5/numbers/2025
2025-09-22,27,28,30,35,37,https://www.lottery.net/california/fantasy-5/numbers/2025
2025-09-23,3,8,19,26,28,https://www.lottery.net/california/fantasy-5/numbers/2025
2025-09-24,11,25,26,33,35,https://www.lottery.net/california/fantasy-5/numbers/2025
2025-09-25,7,18,25,28,38,https://www.lottery.net/california/fantasy-5/numbers/2025
2025-09-26,16,17,24,26,33,https://www.lottery.net/california/fantasy-5/numbers/2025
2025-09-27,15,17,24,25,33,https://www.lottery.net/california/fantasy-5/numbers/2025
2025-09-28,6,9,16,17,25,https://www.lottery.net/california/fantasy-5/numbers/2025
2025-09-29,3,13,23,25,30,https://www.lottery.net/california/fantasy-5/numbers/2025
2025-09-30,6,20,29,31,39,https://www.lottery.net/california/fantasy-5/numbers/2025
2025-10-01,3,6,7,37,38,https://www.lottery.net/california/fantasy-5/numbers/2025
2025-10-02,7,11,14,34,37,https://www.lottery.net/california/fantasy-5/numbers/2025
2025-10-03,4,9,10,14,15,https://www.lottery.net/california/fantasy-5/numbers/2025
2025-10-04,14,15,16,29,39,https://www.lottery.net/california/fantasy-5/numbers/2025
2025-10-05,12,20,25,28,33,https://www.lottery.net/california/fantasy-5/numbers/2025
2025-10-06,5,7,10,16,28,https://www.lottery.net/california/fantasy-5/numbers/2025
2025-10-07,10,16,25,32,39,https://www.lottery.net/california/fantasy-5/numbers/2025
2025-10-08,3,27,28,32,39,https://www.lottery.net/california/fantasy-5/numbers/2025
2025-10-09,14,25,26,31,34,https://www.lottery.net/california/fantasy-5/numbers/2025
2025-10-10,26,30,37,38,39,https://www.lottery.net/california/fantasy-5/numbers/2025
2025-10-11,8,9,24,31,38,https://www.lottery.net/california/fantasy-5/numbers/2025
2025-10-12,1,7,9,32,36,https://www.lottery.net/california/fantasy-5/numbers/2025
2025-10-13,2,6,18,31,39,https://www.lottery.net/california/fantasy-5/numbers/2025
2025-10-14,6,17,20,21,23,https://www.lottery.net/california/fantasy-5/numbers/2025
2025-10-15,4,19,30,31,39,https://www.lottery.net/california/fantasy-5/numbers/2025
2025-10-16,2,13,16,17,23,https://www.lottery.net/california/fantasy-5/numbers/2025
2025-10-17,19,21,33,35,37,https://www.lottery.net/california/fantasy-5/numbers/2025
2025-10-18,1,8,10,17,23,https://www.lottery.net/california/fantasy-5/numbers/2025
2025-10-19,11,14,15,16,17,https://www.lottery.net/california/fantasy-5/numbers/2025
2025-10-20,2,5,11,36,37,https://www.lottery.net/california/fantasy-5/numbers/2025
2025-10-21,8,14,24,26,32,https://www.lottery.net/california/fantasy-5/numbers/2025
2025-10-22,7,19,21,23,37,https://www.lottery.net/california/fantasy-5/numbers/2025
2025-10-23,4,14,30,33,38,https://www.lottery.net/california/fantasy-5/numbers/2025
2025-10-24,18,21,25,30,39,https://www.lottery.net/california/fantasy-5/numbers/2025
2025-10-25,2,15,20,33,35,https://www.lottery.net/california/fantasy-5/numbers/2025
2025-10-26,10,14,18,22,29,https://www.lottery.net/california/fantasy-5/numbers/2025
2025-10-27,1,7,17,26,29,https://www.lottery.net/california/fantasy-5/numbers/2025
2025-10-28,10,13,33,38,39,https://www.lottery.net/california/fantasy-5/numbers/2025
2025-10-29,3,6,11,13,29,https://www.lottery.net/california/fantasy-5/numbers/2025
2025-10-30,1,13,19,23,28,https://www.lottery.net/california/fantasy-5/numbers/2025
2025-10-31,7,8,26,27,35,https://www.lottery.net/california/fantasy-5/numbers/2025
2025-11-01,1,2,21,30,35,https://www.lottery.net/california/fantasy-5/numbers/2025
2025-11-02,1,10,11,14,30,https://www.lottery.net/california/fantasy-5/numbers/2025
2025-11-03,7,8,21,24,31,https://www.lottery.net/california/fantasy-5/numbers/2025
2025-11-04,18,24,25,28,34,https://www.lottery.net/california/fantasy-5/numbers/2025
2025-11-05,16,17,23,30,33,https://www.lottery.net/california/fantasy-5/numbers/2025
2025-11-06,2,6,16,20,38,https://www.lottery.net/california/fantasy-5/numbers/2025
2025-11-07,5,12,14,32,38,https://www.lottery.net/california/fantasy-5/numbers/2025
2025-11-08,1,19,20,22,29,https://www.lottery.net/california/fantasy-5/numbers/2025
2025-11-09,14,16,23,27,33,https://www.lottery.net/california/fantasy-5/numbers/2025
2025-11-10,5,14,17,21,30,https://www.lottery.net/california/fantasy-5/numbers/2025
2025-11-11,4,5,20,34,35,https://www.lottery.net/california/fantasy-5/numbers/2025
2025-11-12,2,11,24,25,39,https://www.lottery.net/california/fantasy-5/numbers/2025
2025-11-13,6,10,17,23,35,https://www.lottery.net/california/fantasy-5/numbers/2025
2025-11-14,7,11,13,32,39,https://www.lottery.net/california/fantasy-5/numbers/2025
2025-11-15,6,12,18,25,36,https://www.lottery.net/california/fantasy-5/numbers/2025
2025-11-16,10,20,33,35,38,https://www.lottery.net/california/fantasy-5/numbers/2025
2025-11-17,4,7,18,29,38,https://www.lottery.net/california/fantasy-5/numbers/2025
2025-11-18,9,13,14,19,33,https://www.lottery.net/california/fantasy-5/numbers/2025
2025-11-19,3,6,7,13,37,https://www.lottery.net/california/fantasy-5/numbers/2025
2025-11-20,4,7,17,28,33,https://www.lottery.net/california/fantasy-5/numbers/2025
2025-11-21,10,11,17,28,33,https://www.lottery.net/california/fantasy-5/numbers/2025
2025-11-22,9,11,21,31,35,https://www.lottery.net/california/fantasy-5/numbers/2025
2025-11-23,3,16,21,35,38,https://www.lottery.net/california/fantasy-5/numbers/2025
2025-11-24,5,17,20,36,39,https://www.lottery.net/california/fantasy-5/numbers/2025
2025-11-25,3,5,7,18,24,https://www.lottery.net/california/fantasy-5/numbers/2025
2025-11-26,2,3,21,25,27,https://www.lottery.net/california/fantasy-5/numbers/2025
2025-11-27,10,24,28,31,37,https://www.lottery.net/california/fantasy-5/numbers/2025
2025-11-28,13,14,21,23,32,https://www.lottery.net/california/fantasy-5/numbers/2025
2025-11-29,2,10,27,28,34,https://www.lottery.net/california/fantasy-5/numbers/2025
2025-11-30,2,5,8,24,33,https://www.lottery.net/california/fantasy-5/numbers/2025
2025-12-01,1,2,20,30,38,https://www.lottery.net/california/fantasy-5/numbers/2025
2025-12-02,6,16,18,20,33,https://www.lottery.net/california/fantasy-5/numbers/2025
2025-12-03,6,7,28,29,32,https://www.lottery.net/california/fantasy-5/numbers/2025
2025-12-04,16,21,30,33,34,https://www.lottery.net/california/fantasy-5/numbers/2025
2025-12-05,9,10,16,27,36,https://www.lottery.net/california/fantasy-5/numbers/2025
2025-12-06,9,11,12,13,34,https://www.lottery.net/california/fantasy-5/numbers/2025
2025-12-07,11,13,14,19,39,https://www.lottery.net/california/fantasy-5/numbers/2025
2025-12-08,7,31,33,35,38,https://www.lottery.net/california/fantasy-5/numbers/2025
2025-12-09,10,15,16,20,33,https://www.lottery.net/california/fantasy-5/numbers/2025
2025-12-10,1,2,5,10,17,https://www.lottery.net/california/fantasy-5/numbers/2025
2025-12-11,7,13,23,26,30,https://www.lottery.net/california/fantasy-5/numbers/2025
2025-12-12,16,18,27,32,38,https://www.lottery.net/california/fantasy-5/numbers/2025
2025-12-13,2,3,22,24,32,https://www.lottery.net/california/fantasy-5/numbers/2025
2025-12-14,10,14,18,31,32,https://www.lottery.net/california/fantasy-5/numbers/2025
2025-12-15,10,16,17,22,35,https://www.lottery.net/california/fantasy-5/numbers/2025
2025-12-16,14,15,24,32,34,https://www.lottery.net/california/fantasy-5/numbers/2025
2025-12-17,13,25,28,31,33,https://www.lottery.net/california/fantasy-5/numbers/2025
2025-12-18,2,6,11,18,31,https://www.lottery.net/california/fantasy-5/numbers/2025
2025-12-19,14,16,22,35,36,https://www.lottery.net/california/fantasy-5/numbers/2025
2025-12-20,11,28,29,32,37,https://www.lottery.net/california/fantasy-5/numbers/2025
2025-12-21,15,23,26,28,37,https://www.lottery.net/california/fantasy-5/numbers/2025
2025-12-22,1,14,16,18,19,https://www.lottery.net/california/fantasy-5/numbers/2025
2025-12-23,5,14,15,19,26,https://www.lottery.net/california/fantasy-5/numbers/2025
2025-12-24,7,11,18,28,30,https://www.lottery.net/california/fantasy-5/numbers/2025
2025-12-25,5,17,20,29,38,https://www.lottery.net/california/fantasy-5/numbers/2025
2025-12-26,2,6,7,8,35,https://www.lottery.net/california/fantasy-5/numbers/2025
2025-12-27,8,9,20,26,36,https://www.lottery.net/california/fantasy-5/numbers/2025
2025-12-28,1,21,22,33,35,https://www.lottery.net/california/fantasy-5/numbers/2025
2025-12-29,1,8,13,17,20,https://www.lottery.net/california/fantasy-5/numbers/2025
2025-12-30,10,12,22,28,37,https://www.lottery.net/california/fantasy-5/numbers/2025
2025-12-31,1,3,9,11,21,https://www.lottery.net/california/fantasy-5/numbers/2025
2026-08-02,2,3,20,24,27,consensus_latest:network:lotterynet+lottolyzer
2026-08-03,8,16,19,24,32,consensus_latest:network:lotterynet+lottolyzer
2026-08-04,19,23,29,30,38,consensus_latest:network:lotterynet+lottolyzer
2026-08-05,4,10,35,37,39,consensus_latest:network:lotterynet+lottolyzer
2026-08-06,8,17,28,32,34,consensus_latest:network:lotterynet+lottolyzer
2026-08-07,1,14,19,35,38,consensus_latest:network:lotterynet+lottolyzer
2026-08-08,5,11,14,27,33,consensus_latest:network:lotterynet+lottolyzer
2026-08-09,9,14,19,26,32,consensus_latest:network:lotterynet+lottolyzer
2026-08-10,9,10,11,13,25,consensus_latest:network:lotterynet+lottolyzer
2026-08-11,5,8,11,21,32,consensus_latest:network:lotterynet+lottolyzer
2026-08-12,6,11,14,21,24,consensus_latest:network:lotterynet+lottolyzer
2026-08-13,9,11,13,27,36,consensus_latest:network:lotterynet+lottolyzer
2026-08-14,4,7,10,25,31,consensus_latest:network:lotterynet+lottolyzer
2026-08-15,2,8,10,23,39,consensus_latest:network:lotterynet+lottolyzer
2026-08-16,2,5,14,31,39,consensus_latest:network:lotterynet+lottolyzer
2026-08-17,7,15,21,33,34,consensus_latest:network:lotterynet+lottolyzer
2026-08-18,5,15,31,38,39,consensus_latest:network:lotterynet+lottolyzer
2026-08-19,9,15,25,32,38,consensus_latest:network:lotterynet+lottolyzer
2026-08-20,10,30,31,34,35,consensus_latest:network:lotterynet+lottolyzer
2026-08-21,4,25,31,37,39,consensus_latest:network:lotterynet+lottolyzer
2026-08-22,2,15,22,29,33,consensus_latest:network:lotterynet+lottolyzer
2026-08-23,8,10,22,23,36,consensus_latest:network:lotterynet+lottolyzer
2026-08-24,9,11,14,16,34,consensus_latest:network:lotterynet+lottolyzer
2026-08-25,2,24,27,35,39,consensus_latest:network:lotterynet+lottolyzer
2026-08-26,2,7,17,23,38,consensus_latest:network:lotterynet+lottolyzer
2026-08-27,2,13,20,22,38,consensus_latest:network:lotterynet+lottolyzer
2026-08-28,4,12,29,30,39,consensus_latest:network:lotterynet+lottolyzer
2026-08-29,3,4,14,29,30,consensus_latest:network:lotterynet+lotto8+lottolyzer
2026-08-30,6,23,27,28,31,consensus_latest:network:lotterynet+lotto8+lottolyzer
2026-08-31,9,12,28,30,37,consensus_latest:network:lotterynet+lotto8+lottolyzer
2026-09-01,1,7,8,18,39,consensus_latest:network:lotterynet+lotto8+lottolyzer
2026-09-02,3,6,23,29,35,consensus_latest:network:lotterynet+lotto8+lottolyzer
2026-09-03,4,7,10,27,38,consensus_latest:network:lotterynet+lotto8+lottolyzer
2026-09-04,8,24,26,35,39,consensus_latest:network:lotterynet+lotto8+lottolyzer
2026-09-05,6,12,14,24,32,consensus_latest:network:lotterynet+lotto8+lottolyzer
2026-09-06,12,13,17,28,34,consensus_latest:network:lotterynet+lotto8+lottolyzer
2026-09-07,4,6,15,22,25,consensus_latest:network:lotterynet+lotto8+lottolyzer
2026-09-08,1,9,15,37,38,consensus_latest:network:lotterynet+lotto8+lottolyzer
2026-09-09,7,9,12,15,27,consensus_latest:network:lotterynet+lotto8+lottolyzer
2026-09-10,2,9,24,35,39,consensus_latest:network:lotterynet+lotto8+lottolyzer
2026-09-11,3,9,16,25,30,consensus_latest:network:lotterynet+lotteryusa+lotto8+lottolyzer
2026-09-12,19,21,33,35,38,consensus_latest:network:lotterynet+lotteryusa+lotto8+lottolyzer
2026-09-13,1,2,12,34,36,consensus_latest:network:lotterynet+lotteryusa+lotto8+lottolyzer
2026-09-14,3,4,16,30,38,consensus_latest:network:lotterynet+lotteryusa+lotto8+lottolyzer
2026-09-15,4,5,24,32,33,consensus_latest:network:lotterynet+lotteryusa+lotto8+lottolyzer
2026-09-16,11,25,29,30,38,consensus_latest:network:lotterynet+lotteryusa+lotto8+lottolyzer
2026-09-17,3,9,11,16,19,consensus_latest:network:lotterynet+lotteryusa+lotto8+lottolyzer
2026-09-18,19,29,33,37,39,consensus_latest:network:lotterynet+lotteryusa+lotto8+lottolyzer
2026-09-19,1,13,19,27,37,consensus_latest:network:lotterynet+lotteryusa+lotto8+lottolyzer
2026-09-20,1,8,10,19,21,official:calottery
