local_index,draw_no,draw_date,n1,n2,n3,n4,n5,source
1,1,2024-01-01,8,10,19,25,32,https://www.lottery.net/california/fantasy-5/numbers/2024
2,2,2024-01-02,13,23,27,34,35,https://www.lottery.net/california/fantasy-5/numbers/2024
3,3,2024-01-03,11,19,20,35,39,https://www.lottery.net/california/fantasy-5/numbers/2024
4,4,2024-01-04,7,15,21,25,39,https://www.lottery.net/california/fantasy-5/numbers/2024
5,5,2024-01-05,6,8,15,20,31,https://www.lottery.net/california/fantasy-5/numbers/2024
6,6,2024-01-06,6,9,16,17,32,https://www.lottery.net/california/fantasy-5/numbers/2024
7,7,2024-01-07,5,12,13,14,31,https://www.lottery.net/california/fantasy-5/numbers/2024
8,8,2024-01-08,1,12,27,28,34,https://www.lottery.net/california/fantasy-5/numbers/2024
9,9,2024-01-09,1,5,10,22,28,https://www.lottery.net/california/fantasy-5/numbers/2024
10,10,2024-01-10,15,18,25,32,38,https://www.lottery.net/california/fantasy-5/numbers/2024
11,11,2024-01-11,6,17,21,28,36,https://www.lottery.net/california/fantasy-5/numbers/2024
12,12,2024-01-12,1,20,23,33,34,https://www.lottery.net/california/fantasy-5/numbers/2024
13,13,2024-01-13,6,13,19,27,30,https://www.lottery.net/california/fantasy-5/numbers/2024
14,14,2024-01-14,1,2,13,19,21,https://www.lottery.net/california/fantasy-5/numbers/2024
15,15,2024-01-15,6,8,14,27,39,https://www.lottery.net/california/fantasy-5/numbers/2024
16,16,2024-01-16,3,4,6,15,23,https://www.lottery.net/california/fantasy-5/numbers/2024
17,17,2024-01-17,20,21,25,29,32,https://www.lottery.net/california/fantasy-5/numbers/2024
18,18,2024-01-18,2,14,17,24,25,https://www.lottery.net/california/fantasy-5/numbers/2024
19,19,2024-01-19,2,19,23,28,38,https://www.lottery.net/california/fantasy-5/numbers/2024
20,20,2024-01-20,4,7,21,23,29,https://www.lottery.net/california/fantasy-5/numbers/2024
21,21,2024-01-21,5,6,20,21,29,https://www.lottery.net/california/fantasy-5/numbers/2024
22,22,2024-01-22,20,23,35,36,37,https://www.lottery.net/california/fantasy-5/numbers/2024
23,23,2024-01-23,2,5,11,15,22,https://www.lottery.net/california/fantasy-5/numbers/2024
24,24,2024-01-24,6,9,10,24,30,https://www.lottery.net/california/fantasy-5/numbers/2024
25,25,2024-01-25,16,17,22,32,37,https://www.lottery.net/california/fantasy-5/numbers/2024
26,26,2024-01-26,8,19,21,23,32,https://www.lottery.net/california/fantasy-5/numbers/2024
27,27,2024-01-27,4,10,15,22,34,https://www.lottery.net/california/fantasy-5/numbers/2024
28,28,2024-01-28,6,7,12,21,31,https://www.lottery.net/california/fantasy-5/numbers/2024
29,29,2024-01-29,9,10,17,28,29,https://www.lottery.net/california/fantasy-5/numbers/2024
30,30,2024-01-30,5,10,13,25,26,https://www.lottery.net/california/fantasy-5/numbers/2024
31,31,2024-01-31,17,25,31,34,38,https://www.lottery.net/california/fantasy-5/numbers/2024
32,32,2024-02-01,4,7,9,11,29,https://www.lottery.net/california/fantasy-5/numbers/2024
33,33,2024-02-02,3,4,21,24,27,https://www.lottery.net/california/fantasy-5/numbers/2024
34,34,2024-02-03,1,3,5,14,26,https://www.lottery.net/california/fantasy-5/numbers/2024
35,35,2024-02-04,2,16,18,19,37,https://www.lottery.net/california/fantasy-5/numbers/2024
36,36,2024-02-05,7,20,24,26,27,https://www.lottery.net/california/fantasy-5/numbers/2024
37,37,2024-02-06,9,15,17,26,30,https://www.lottery.net/california/fantasy-5/numbers/2024
38,38,2024-02-07,2,14,27,37,38,https://www.lottery.net/california/fantasy-5/numbers/2024
39,39,2024-02-08,17,18,25,35,37,https://www.lottery.net/california/fantasy-5/numbers/2024
40,40,2024-02-09,4,20,26,27,30,https://www.lottery.net/california/fantasy-5/numbers/2024
41,41,2024-02-10,9,17,26,35,37,https://www.lottery.net/california/fantasy-5/numbers/2024
42,42,2024-02-11,7,15,16,32,35,https://www.lottery.net/california/fantasy-5/numbers/2024
43,43,2024-02-12,1,6,10,16,22,https://www.lottery.net/california/fantasy-5/numbers/2024
44,44,2024-02-13,3,4,5,9,22,https://www.lottery.net/california/fantasy-5/numbers/2024
45,45,2024-02-14,12,15,21,24,39,https://www.lottery.net/california/fantasy-5/numbers/2024
46,46,2024-02-15,20,24,28,30,36,https://www.lottery.net/california/fantasy-5/numbers/2024
47,47,2024-02-16,2,4,22,32,37,https://www.lottery.net/california/fantasy-5/numbers/2024
48,48,2024-02-17,12,27,28,30,39,https://www.lottery.net/california/fantasy-5/numbers/2024
49,49,2024-02-18,15,18,21,29,31,https://www.lottery.net/california/fantasy-5/numbers/2024
50,50,2024-02-19,3,7,10,25,39,https://www.lottery.net/california/fantasy-5/numbers/2024
51,51,2024-02-20,1,2,18,27,34,https://www.lottery.net/california/fantasy-5/numbers/2024
52,52,2024-02-21,11,13,16,19,25,https://www.lottery.net/california/fantasy-5/numbers/2024
53,53,2024-02-22,12,17,23,24,34,https://www.lottery.net/california/fantasy-5/numbers/2024
54,54,2024-02-23,5,7,30,32,37,https://www.lottery.net/california/fantasy-5/numbers/2024
55,55,2024-02-24,1,4,20,23,26,https://www.lottery.net/california/fantasy-5/numbers/2024
56,56,2024-02-25,2,6,12,37,38,https://www.lottery.net/california/fantasy-5/numbers/2024
57,57,2024-02-26,2,10,17,21,25,https://www.lottery.net/california/fantasy-5/numbers/2024
58,58,2024-02-27,5,7,9,18,23,https://www.lottery.net/california/fantasy-5/numbers/2024
59,59,2024-02-28,10,14,27,33,38,https://www.lottery.net/california/fantasy-5/numbers/2024
60,60,2024-02-29,9,10,20,32,35,https://www.lottery.net/california/fantasy-5/numbers/2024
61,61,2024-03-01,11,19,25,31,33,https://www.lottery.net/california/fantasy-5/numbers/2024
62,62,2024-03-02,10,24,26,33,38,https://www.lottery.net/california/fantasy-5/numbers/2024
63,63,2024-03-03,4,9,10,19,26,https://www.lottery.net/california/fantasy-5/numbers/2024
64,64,2024-03-04,13,19,20,27,34,https://www.lottery.net/california/fantasy-5/numbers/2024
65,65,2024-03-05,5,10,14,21,29,https://www.lottery.net/california/fantasy-5/numbers/2024
66,66,2024-03-06,3,15,24,25,34,https://www.lottery.net/california/fantasy-5/numbers/2024
67,67,2024-03-07,18,19,28,30,38,https://www.lottery.net/california/fantasy-5/numbers/2024
68,68,2024-03-08,1,9,11,20,35,https://www.lottery.net/california/fantasy-5/numbers/2024
69,69,2024-03-09,13,15,16,20,21,https://www.lottery.net/california/fantasy-5/numbers/2024
70,70,2024-03-10,5,7,27,30,31,https://www.lottery.net/california/fantasy-5/numbers/2024
71,71,2024-03-11,8,11,14,15,25,https://www.lottery.net/california/fantasy-5/numbers/2024
72,72,2024-03-12,1,9,28,29,30,https://www.lottery.net/california/fantasy-5/numbers/2024
73,73,2024-03-13,18,23,24,28,39,https://www.lottery.net/california/fantasy-5/numbers/2024
74,74,2024-03-14,5,6,15,23,33,https://www.lottery.net/california/fantasy-5/numbers/2024
75,75,2024-03-15,3,4,19,35,36,https://www.lottery.net/california/fantasy-5/numbers/2024
76,76,2024-03-16,6,15,17,29,39,https://www.lottery.net/california/fantasy-5/numbers/2024
77,77,2024-03-17,3,9,25,28,39,https://www.lottery.net/california/fantasy-5/numbers/2024
78,78,2024-03-18,2,16,23,29,36,https://www.lottery.net/california/fantasy-5/numbers/2024
79,79,2024-03-19,1,9,10,26,31,https://www.lottery.net/california/fantasy-5/numbers/2024
80,80,2024-03-20,2,6,7,15,36,https://www.lottery.net/california/fantasy-5/numbers/2024
81,81,2024-03-21,19,22,27,30,33,https://www.lottery.net/california/fantasy-5/numbers/2024
82,82,2024-03-22,10,18,21,28,33,https://www.lottery.net/california/fantasy-5/numbers/2024
83,83,2024-03-23,4,26,33,38,39,https://www.lottery.net/california/fantasy-5/numbers/2024
84,84,2024-03-24,2,21,26,29,36,https://www.lottery.net/california/fantasy-5/numbers/2024
85,85,2024-03-25,9,12,26,28,34,https://www.lottery.net/california/fantasy-5/numbers/2024
86,86,2024-03-26,4,7,10,15,29,https://www.lottery.net/california/fantasy-5/numbers/2024
87,87,2024-03-27,3,7,9,12,34,https://www.lottery.net/california/fantasy-5/numbers/2024
88,88,2024-03-28,3,14,15,17,30,https://www.lottery.net/california/fantasy-5/numbers/2024
89,89,2024-03-29,11,14,26,29,33,https://www.lottery.net/california/fantasy-5/numbers/2024
90,90,2024-03-30,5,11,23,25,36,https://www.lottery.net/california/fantasy-5/numbers/2024
91,91,2024-03-31,3,5,13,27,38,https://www.lottery.net/california/fantasy-5/numbers/2024
92,92,2024-04-01,7,8,13,23,25,https://www.lottery.net/california/fantasy-5/numbers/2024
93,93,2024-04-02,10,11,18,30,31,https://www.lottery.net/california/fantasy-5/numbers/2024
94,94,2024-04-03,4,16,19,35,38,https://www.lottery.net/california/fantasy-5/numbers/2024
95,95,2024-04-04,4,11,19,23,26,https://www.lottery.net/california/fantasy-5/numbers/2024
96,96,2024-04-05,1,25,27,28,36,https://www.lottery.net/california/fantasy-5/numbers/2024
97,97,2024-04-06,1,3,5,15,17,https://www.lottery.net/california/fantasy-5/numbers/2024
98,98,2024-04-07,11,18,27,30,35,https://www.lottery.net/california/fantasy-5/numbers/2024
99,99,2024-04-08,24,25,30,35,39,https://www.lottery.net/california/fantasy-5/numbers/2024
100,100,2024-04-09,1,7,12,24,29,https://www.lottery.net/california/fantasy-5/numbers/2024
101,101,2024-04-10,5,7,18,22,29,https://www.lottery.net/california/fantasy-5/numbers/2024
102,102,2024-04-11,3,4,7,17,27,https://www.lottery.net/california/fantasy-5/numbers/2024
103,103,2024-04-12,5,7,9,26,29,https://www.lottery.net/california/fantasy-5/numbers/2024
104,104,2024-04-13,15,21,22,36,37,https://www.lottery.net/california/fantasy-5/numbers/2024
105,105,2024-04-14,4,6,13,14,19,https://www.lottery.net/california/fantasy-5/numbers/2024
106,106,2024-04-15,13,15,21,22,29,https://www.lottery.net/california/fantasy-5/numbers/2024
107,107,2024-04-16,23,24,26,31,35,https://www.lottery.net/california/fantasy-5/numbers/2024
108,108,2024-04-17,11,20,27,30,32,https://www.lottery.net/california/fantasy-5/numbers/2024
109,109,2024-04-18,7,15,17,30,39,https://www.lottery.net/california/fantasy-5/numbers/2024
110,110,2024-04-19,7,24,26,30,32,https://www.lottery.net/california/fantasy-5/numbers/2024
111,111,2024-04-20,5,12,25,30,32,https://www.lottery.net/california/fantasy-5/numbers/2024
112,112,2024-04-21,7,11,13,15,20,https://www.lottery.net/california/fantasy-5/numbers/2024
113,113,2024-04-22,11,19,23,33,39,https://www.lottery.net/california/fantasy-5/numbers/2024
114,114,2024-04-23,9,24,25,28,31,https://www.lottery.net/california/fantasy-5/numbers/2024
115,115,2024-04-24,4,6,8,16,23,https://www.lottery.net/california/fantasy-5/numbers/2024
116,116,2024-04-25,4,8,27,31,34,https://www.lottery.net/california/fantasy-5/numbers/2024
117,117,2024-04-26,5,11,15,29,36,https://www.lottery.net/california/fantasy-5/numbers/2024
118,118,2024-04-27,14,21,23,32,39,https://www.lottery.net/california/fantasy-5/numbers/2024
119,119,2024-04-28,4,16,19,22,32,https://www.lottery.net/california/fantasy-5/numbers/2024
120,120,2024-04-29,2,12,18,26,28,https://www.lottery.net/california/fantasy-5/numbers/2024
121,121,2024-04-30,2,11,21,34,39,https://www.lottery.net/california/fantasy-5/numbers/2024
122,122,2024-05-01,2,10,17,24,37,https://www.lottery.net/california/fantasy-5/numbers/2024
123,123,2024-05-02,2,15,20,22,37,https://www.lottery.net/california/fantasy-5/numbers/2024
124,124,2024-05-03,3,4,13,25,32,https://www.lottery.net/california/fantasy-5/numbers/2024
125,125,2024-05-04,1,7,8,10,36,https://www.lottery.net/california/fantasy-5/numbers/2024
126,126,2024-05-05,11,16,23,27,28,https://www.lottery.net/california/fantasy-5/numbers/2024
127,127,2024-05-06,8,10,18,24,27,https://www.lottery.net/california/fantasy-5/numbers/2024
128,128,2024-05-07,21,26,27,29,36,https://www.lottery.net/california/fantasy-5/numbers/2024
129,129,2024-05-08,6,7,22,27,28,https://www.lottery.net/california/fantasy-5/numbers/2024
130,130,2024-05-09,19,29,35,36,39,https://www.lottery.net/california/fantasy-5/numbers/2024
131,131,2024-05-10,3,8,14,23,27,https://www.lottery.net/california/fantasy-5/numbers/2024
132,132,2024-05-11,3,7,20,31,38,https://www.lottery.net/california/fantasy-5/numbers/2024
133,133,2024-05-12,7,13,15,34,38,https://www.lottery.net/california/fantasy-5/numbers/2024
134,134,2024-05-13,8,9,12,21,35,https://www.lottery.net/california/fantasy-5/numbers/2024
135,135,2024-05-14,13,14,27,31,32,https://www.lottery.net/california/fantasy-5/numbers/2024
136,136,2024-05-15,6,24,34,35,38,https://www.lottery.net/california/fantasy-5/numbers/2024
137,137,2024-05-16,3,8,11,17,39,https://www.lottery.net/california/fantasy-5/numbers/2024
138,138,2024-05-17,4,6,8,16,36,https://www.lottery.net/california/fantasy-5/numbers/2024
139,139,2024-05-18,4,10,20,34,36,https://www.lottery.net/california/fantasy-5/numbers/2024
140,140,2024-05-19,17,22,25,26,27,https://www.lottery.net/california/fantasy-5/numbers/2024
141,141,2024-05-20,10,17,20,25,32,https://www.lottery.net/california/fantasy-5/numbers/2024
142,142,2024-05-21,15,24,26,32,37,https://www.lottery.net/california/fantasy-5/numbers/2024
143,143,2024-05-22,5,16,22,35,36,https://www.lottery.net/california/fantasy-5/numbers/2024
144,144,2024-05-23,3,11,26,35,38,https://www.lottery.net/california/fantasy-5/numbers/2024
145,145,2024-05-24,8,14,21,34,36,https://www.lottery.net/california/fantasy-5/numbers/2024
146,146,2024-05-25,12,17,22,27,31,https://www.lottery.net/california/fantasy-5/numbers/2024
147,147,2024-05-26,6,22,29,35,38,https://www.lottery.net/california/fantasy-5/numbers/2024
148,148,2024-05-27,10,14,19,32,35,https://www.lottery.net/california/fantasy-5/numbers/2024
149,149,2024-05-28,2,6,31,36,39,https://www.lottery.net/california/fantasy-5/numbers/2024
150,150,2024-05-29,4,8,13,21,29,https://www.lottery.net/california/fantasy-5/numbers/2024
151,151,2024-05-30,2,15,23,24,27,https://www.lottery.net/california/fantasy-5/numbers/2024
152,152,2024-05-31,8,14,16,21,31,https://www.lottery.net/california/fantasy-5/numbers/2024
153,153,2024-06-01,3,21,24,30,39,https://www.lottery.net/california/fantasy-5/numbers/2024
154,154,2024-06-02,1,12,17,34,36,https://www.lottery.net/california/fantasy-5/numbers/2024
155,155,2024-06-03,1,8,15,30,31,https://www.lottery.net/california/fantasy-5/numbers/2024
156,156,2024-06-04,2,5,22,23,30,https://www.lottery.net/california/fantasy-5/numbers/2024
157,157,2024-06-05,6,22,23,33,34,https://www.lottery.net/california/fantasy-5/numbers/2024
158,158,2024-06-06,7,18,21,31,33,https://www.lottery.net/california/fantasy-5/numbers/2024
159,159,2024-06-07,3,9,10,15,26,https://www.lottery.net/california/fantasy-5/numbers/2024
160,160,2024-06-08,10,13,17,18,23,https://www.lottery.net/california/fantasy-5/numbers/2024
161,161,2024-06-09,8,18,24,27,28,https://www.lottery.net/california/fantasy-5/numbers/2024
162,162,2024-06-10,15,16,20,27,38,https://www.lottery.net/california/fantasy-5/numbers/2024
163,163,2024-06-11,1,4,25,26,29,https://www.lottery.net/california/fantasy-5/numbers/2024
164,164,2024-06-12,5,17,29,30,36,https://www.lottery.net/california/fantasy-5/numbers/2024
165,165,2024-06-13,2,13,20,26,31,https://www.lottery.net/california/fantasy-5/numbers/2024
166,166,2024-06-14,16,18,31,38,39,https://www.lottery.net/california/fantasy-5/numbers/2024
167,167,2024-06-15,10,12,24,30,37,https://www.lottery.net/california/fantasy-5/numbers/2024
168,168,2024-06-16,10,12,14,16,25,https://www.lottery.net/california/fantasy-5/numbers/2024
169,169,2024-06-17,6,7,15,18,35,https://www.lottery.net/california/fantasy-5/numbers/2024
170,170,2024-06-18,4,20,21,22,31,https://www.lottery.net/california/fantasy-5/numbers/2024
171,171,2024-06-19,2,7,14,28,37,https://www.lottery.net/california/fantasy-5/numbers/2024
172,172,2024-06-20,12,14,20,25,37,https://www.lottery.net/california/fantasy-5/numbers/2024
173,173,2024-06-21,5,15,30,32,33,https://www.lottery.net/california/fantasy-5/numbers/2024
174,174,2024-06-22,7,8,10,21,27,https://www.lottery.net/california/fantasy-5/numbers/2024
175,175,2024-06-23,10,12,14,16,32,https://www.lottery.net/california/fantasy-5/numbers/2024
176,176,2024-06-24,1,18,25,26,38,https://www.lottery.net/california/fantasy-5/numbers/2024
177,177,2024-06-25,2,18,31,34,37,https://www.lottery.net/california/fantasy-5/numbers/2024
178,178,2024-06-26,6,9,22,24,37,https://www.lottery.net/california/fantasy-5/numbers/2024
179,179,2024-06-27,1,7,32,33,37,https://www.lottery.net/california/fantasy-5/numbers/2024
180,180,2024-06-28,2,26,31,33,36,https://www.lottery.net/california/fantasy-5/numbers/2024
181,181,2024-06-29,14,27,32,33,35,https://www.lottery.net/california/fantasy-5/numbers/2024
182,182,2024-06-30,7,17,24,28,38,https://www.lottery.net/california/fantasy-5/numbers/2024
183,183,2024-07-01,11,15,16,20,38,https://www.lottery.net/california/fantasy-5/numbers/2024
184,184,2024-07-02,1,4,15,16,28,https://www.lottery.net/california/fantasy-5/numbers/2024
185,185,2024-07-03,3,4,8,17,31,https://www.lottery.net/california/fantasy-5/numbers/2024
186,186,2024-07-04,2,11,13,25,36,https://www.lottery.net/california/fantasy-5/numbers/2024
187,187,2024-07-05,12,18,30,31,36,https://www.lottery.net/california/fantasy-5/numbers/2024
188,188,2024-07-06,2,5,10,24,28,https://www.lottery.net/california/fantasy-5/numbers/2024
189,189,2024-07-07,16,21,27,30,39,https://www.lottery.net/california/fantasy-5/numbers/2024
190,190,2024-07-08,3,18,21,29,38,https://www.lottery.net/california/fantasy-5/numbers/2024
191,191,2024-07-09,1,3,7,14,31,https://www.lottery.net/california/fantasy-5/numbers/2024
192,192,2024-07-10,4,23,25,27,34,https://www.lottery.net/california/fantasy-5/numbers/2024
193,193,2024-07-11,8,26,29,35,36,https://www.lottery.net/california/fantasy-5/numbers/2024
194,194,2024-07-12,11,15,16,32,37,https://www.lottery.net/california/fantasy-5/numbers/2024
195,195,2024-07-13,8,12,24,26,27,https://www.lottery.net/california/fantasy-5/numbers/2024
196,196,2024-07-14,2,5,9,30,32,https://www.lottery.net/california/fantasy-5/numbers/2024
197,197,2024-07-15,3,16,25,28,36,https://www.lottery.net/california/fantasy-5/numbers/2024
198,198,2024-07-16,2,5,23,27,34,https://www.lottery.net/california/fantasy-5/numbers/2024
199,199,2024-07-17,13,20,21,28,38,https://www.lottery.net/california/fantasy-5/numbers/2024
200,200,2024-07-18,8,12,14,19,29,https://www.lottery.net/california/fantasy-5/numbers/2024
201,201,2024-07-19,6,9,26,27,30,https://www.lottery.net/california/fantasy-5/numbers/2024
202,202,2024-07-20,8,13,23,31,38,https://www.lottery.net/california/fantasy-5/numbers/2024
203,203,2024-07-21,7,26,29,35,36,https://www.lottery.net/california/fantasy-5/numbers/2024
204,204,2024-07-22,1,4,11,26,30,https://www.lottery.net/california/fantasy-5/numbers/2024
205,205,2024-07-23,3,4,8,24,34,https://www.lottery.net/california/fantasy-5/numbers/2024
206,206,2024-07-24,3,4,6,26,36,https://www.lottery.net/california/fantasy-5/numbers/2024
207,207,2024-07-25,3,7,33,36,39,https://www.lottery.net/california/fantasy-5/numbers/2024
208,208,2024-07-26,7,8,17,21,38,https://www.lottery.net/california/fantasy-5/numbers/2024
209,209,2024-07-27,7,11,16,19,33,https://www.lottery.net/california/fantasy-5/numbers/2024
210,210,2024-07-28,5,16,18,32,36,https://www.lottery.net/california/fantasy-5/numbers/2024
211,211,2024-07-29,1,22,23,25,34,https://www.lottery.net/california/fantasy-5/numbers/2024
212,212,2024-07-30,5,10,26,32,38,https://www.lottery.net/california/fantasy-5/numbers/2024
213,213,2024-07-31,15,20,25,28,36,https://www.lottery.net/california/fantasy-5/numbers/2024
214,214,2024-08-01,3,6,19,22,37,https://www.lottery.net/california/fantasy-5/numbers/2024
215,215,2024-08-02,11,19,23,28,38,https://www.lottery.net/california/fantasy-5/numbers/2024
216,216,2024-08-03,25,30,31,32,37,https://www.lottery.net/california/fantasy-5/numbers/2024
217,217,2024-08-04,1,4,15,31,36,https://www.lottery.net/california/fantasy-5/numbers/2024
218,218,2024-08-05,5,15,25,31,37,https://www.lottery.net/california/fantasy-5/numbers/2024
219,219,2024-08-06,4,9,19,34,35,https://www.lottery.net/california/fantasy-5/numbers/2024
220,220,2024-08-07,1,2,15,18,29,https://www.lottery.net/california/fantasy-5/numbers/2024
221,221,2024-08-08,2,4,30,34,39,https://www.lottery.net/california/fantasy-5/numbers/2024
222,222,2024-08-09,3,7,15,22,38,https://www.lottery.net/california/fantasy-5/numbers/2024
223,223,2024-08-10,3,12,14,25,32,https://www.lottery.net/california/fantasy-5/numbers/2024
224,224,2024-08-11,2,7,26,30,34,https://www.lottery.net/california/fantasy-5/numbers/2024
225,225,2024-08-12,17,18,29,30,39,https://www.lottery.net/california/fantasy-5/numbers/2024
226,226,2024-08-13,4,14,23,25,33,https://www.lottery.net/california/fantasy-5/numbers/2024
227,227,2024-08-14,7,10,17,21,32,https://www.lottery.net/california/fantasy-5/numbers/2024
228,228,2024-08-15,5,10,17,19,22,https://www.lottery.net/california/fantasy-5/numbers/2024
229,229,2024-08-16,2,15,21,33,39,https://www.lottery.net/california/fantasy-5/numbers/2024
230,230,2024-08-17,9,16,26,33,39,https://www.lottery.net/california/fantasy-5/numbers/2024
231,231,2024-08-18,2,17,31,32,38,https://www.lottery.net/california/fantasy-5/numbers/2024
232,232,2024-08-19,18,23,31,36,38,https://www.lottery.net/california/fantasy-5/numbers/2024
233,233,2024-08-20,2,8,21,31,33,https://www.lottery.net/california/fantasy-5/numbers/2024
234,234,2024-08-21,16,19,20,31,37,https://www.lottery.net/california/fantasy-5/numbers/2024
235,235,2024-08-22,2,9,20,21,31,https://www.lottery.net/california/fantasy-5/numbers/2024
236,236,2024-08-23,2,10,11,12,14,https://www.lottery.net/california/fantasy-5/numbers/2024
237,237,2024-08-24,3,9,11,17,28,https://www.lottery.net/california/fantasy-5/numbers/2024
238,238,2024-08-25,12,15,23,34,35,https://www.lottery.net/california/fantasy-5/numbers/2024
239,239,2024-08-26,2,4,13,15,17,https://www.lottery.net/california/fantasy-5/numbers/2024
240,240,2024-08-27,13,21,27,34,35,https://www.lottery.net/california/fantasy-5/numbers/2024
241,241,2024-08-28,7,10,14,20,23,https://www.lottery.net/california/fantasy-5/numbers/2024
242,242,2024-08-29,2,8,9,22,25,https://www.lottery.net/california/fantasy-5/numbers/2024
243,243,2024-08-30,3,9,15,21,31,https://www.lottery.net/california/fantasy-5/numbers/2024
244,244,2024-08-31,3,11,20,21,22,https://www.lottery.net/california/fantasy-5/numbers/2024
245,245,2024-09-01,9,10,25,31,33,https://www.lottery.net/california/fantasy-5/numbers/2024
246,246,2024-09-02,1,6,8,10,36,https://www.lottery.net/california/fantasy-5/numbers/2024
247,247,2024-09-03,7,16,19,20,32,https://www.lottery.net/california/fantasy-5/numbers/2024
248,248,2024-09-04,11,13,15,18,28,https://www.lottery.net/california/fantasy-5/numbers/2024
249,249,2024-09-05,4,13,23,26,38,https://www.lottery.net/california/fantasy-5/numbers/2024
250,250,2024-09-06,19,24,31,37,38,https://www.lottery.net/california/fantasy-5/numbers/2024
251,251,2024-09-07,9,11,16,18,30,https://www.lottery.net/california/fantasy-5/numbers/2024
252,252,2024-09-08,7,27,29,31,36,https://www.lottery.net/california/fantasy-5/numbers/2024
253,253,2024-09-09,5,9,21,32,36,https://www.lottery.net/california/fantasy-5/numbers/2024
254,254,2024-09-10,8,9,11,16,36,https://www.lottery.net/california/fantasy-5/numbers/2024
255,255,2024-09-11,6,12,21,27,37,https://www.lottery.net/california/fantasy-5/numbers/2024
256,256,2024-09-12,7,11,17,24,28,https://www.lottery.net/california/fantasy-5/numbers/2024
257,257,2024-09-13,30,31,32,34,35,https://www.lottery.net/california/fantasy-5/numbers/2024
258,258,2024-09-14,8,14,20,22,36,https://www.lottery.net/california/fantasy-5/numbers/2024
259,259,2024-09-15,8,10,24,25,30,https://www.lottery.net/california/fantasy-5/numbers/2024
260,260,2024-09-16,2,14,20,21,25,https://www.lottery.net/california/fantasy-5/numbers/2024
261,261,2024-09-17,1,22,28,30,38,https://www.lottery.net/california/fantasy-5/numbers/2024
262,262,2024-09-18,1,18,33,37,39,https://www.lottery.net/california/fantasy-5/numbers/2024
263,263,2024-09-19,10,12,28,35,36,https://www.lottery.net/california/fantasy-5/numbers/2024
264,264,2024-09-20,6,10,12,27,35,https://www.lottery.net/california/fantasy-5/numbers/2024
265,265,2024-09-21,1,10,13,14,35,https://www.lottery.net/california/fantasy-5/numbers/2024
266,266,2024-09-22,4,8,20,22,24,https://www.lottery.net/california/fantasy-5/numbers/2024
267,267,2024-09-23,15,17,22,26,32,https://www.lottery.net/california/fantasy-5/numbers/2024
268,268,2024-09-24,10,16,18,19,35,https://www.lottery.net/california/fantasy-5/numbers/2024
269,269,2024-09-25,2,5,7,15,29,https://www.lottery.net/california/fantasy-5/numbers/2024
270,270,2024-09-26,5,19,22,23,30,https://www.lottery.net/california/fantasy-5/numbers/2024
271,271,2024-09-27,5,10,13,20,21,https://www.lottery.net/california/fantasy-5/numbers/2024
272,272,2024-09-28,15,22,26,32,38,https://www.lottery.net/california/fantasy-5/numbers/2024
273,273,2024-09-29,3,6,17,18,33,https://www.lottery.net/california/fantasy-5/numbers/2024
274,274,2024-09-30,8,10,21,23,27,https://www.lottery.net/california/fantasy-5/numbers/2024
275,275,2024-10-01,5,6,13,25,38,https://www.lottery.net/california/fantasy-5/numbers/2024
276,276,2024-10-02,11,17,18,29,33,https://www.lottery.net/california/fantasy-5/numbers/2024
277,277,2024-10-03,9,25,29,31,38,https://www.lottery.net/california/fantasy-5/numbers/2024
278,278,2024-10-04,4,18,33,35,38,https://www.lottery.net/california/fantasy-5/numbers/2024
279,279,2024-10-05,9,15,16,30,31,https://www.lottery.net/california/fantasy-5/numbers/2024
280,280,2024-10-06,10,24,25,29,39,https://www.lottery.net/california/fantasy-5/numbers/2024
281,281,2024-10-07,6,16,19,35,37,https://www.lottery.net/california/fantasy-5/numbers/2024
282,282,2024-10-08,7,11,20,25,34,https://www.lottery.net/california/fantasy-5/numbers/2024
283,283,2024-10-09,1,6,23,27,38,https://www.lottery.net/california/fantasy-5/numbers/2024
284,284,2024-10-10,1,5,9,11,13,https://www.lottery.net/california/fantasy-5/numbers/2024
285,285,2024-10-11,5,9,19,21,38,https://www.lottery.net/california/fantasy-5/numbers/2024
286,286,2024-10-12,7,14,28,33,39,https://www.lottery.net/california/fantasy-5/numbers/2024
287,287,2024-10-13,16,21,28,36,38,https://www.lottery.net/california/fantasy-5/numbers/2024
288,288,2024-10-14,2,8,18,24,37,https://www.lottery.net/california/fantasy-5/numbers/2024
289,289,2024-10-15,13,15,19,27,30,https://www.lottery.net/california/fantasy-5/numbers/2024
290,290,2024-10-16,1,9,12,19,30,https://www.lottery.net/california/fantasy-5/numbers/2024
291,291,2024-10-17,8,9,11,34,36,https://www.lottery.net/california/fantasy-5/numbers/2024
292,292,2024-10-18,8,13,14,26,35,https://www.lottery.net/california/fantasy-5/numbers/2024
293,293,2024-10-19,5,7,19,25,38,https://www.lottery.net/california/fantasy-5/numbers/2024
294,294,2024-10-20,12,16,21,24,38,https://www.lottery.net/california/fantasy-5/numbers/2024
295,295,2024-10-21,2,5,12,36,39,https://www.lottery.net/california/fantasy-5/numbers/2024
296,296,2024-10-22,12,30,34,35,38,https://www.lottery.net/california/fantasy-5/numbers/2024
297,297,2024-10-23,1,17,33,37,39,https://www.lottery.net/california/fantasy-5/numbers/2024
298,298,2024-10-24,7,9,16,21,32,https://www.lottery.net/california/fantasy-5/numbers/2024
299,299,2024-10-25,6,9,15,22,26,https://www.lottery.net/california/fantasy-5/numbers/2024
300,300,2024-10-26,2,3,4,12,26,https://www.lottery.net/california/fantasy-5/numbers/2024
301,301,2024-10-27,1,18,27,31,35,https://www.lottery.net/california/fantasy-5/numbers/2024
302,302,2024-10-28,5,11,19,32,38,https://www.lottery.net/california/fantasy-5/numbers/2024
303,303,2024-10-29,9,18,23,30,34,https://www.lottery.net/california/fantasy-5/numbers/2024
304,304,2024-10-30,1,18,27,37,39,https://www.lottery.net/california/fantasy-5/numbers/2024
305,305,2024-10-31,12,18,21,34,39,https://www.lottery.net/california/fantasy-5/numbers/2024
306,306,2024-11-01,6,8,24,27,36,https://www.lottery.net/california/fantasy-5/numbers/2024
307,307,2024-11-02,2,5,12,28,37,https://www.lottery.net/california/fantasy-5/numbers/2024
308,308,2024-11-03,2,3,11,33,35,https://www.lottery.net/california/fantasy-5/numbers/2024
309,309,2024-11-04,10,16,26,29,36,https://www.lottery.net/california/fantasy-5/numbers/2024
310,310,2024-11-05,18,21,23,29,32,https://www.lottery.net/california/fantasy-5/numbers/2024
311,311,2024-11-06,1,11,12,32,39,https://www.lottery.net/california/fantasy-5/numbers/2024
312,312,2024-11-07,6,8,10,15,24,https://www.lottery.net/california/fantasy-5/numbers/2024
313,313,2024-11-08,3,15,32,33,37,https://www.lottery.net/california/fantasy-5/numbers/2024
314,314,2024-11-09,15,16,18,28,36,https://www.lottery.net/california/fantasy-5/numbers/2024
315,315,2024-11-10,1,7,11,25,28,https://www.lottery.net/california/fantasy-5/numbers/2024
316,316,2024-11-11,7,10,29,30,34,https://www.lottery.net/california/fantasy-5/numbers/2024
317,317,2024-11-12,3,5,15,21,28,https://www.lottery.net/california/fantasy-5/numbers/2024
318,318,2024-11-13,6,10,14,26,29,https://www.lottery.net/california/fantasy-5/numbers/2024
319,319,2024-11-14,11,16,20,22,26,https://www.lottery.net/california/fantasy-5/numbers/2024
320,320,2024-11-15,11,13,19,21,34,https://www.lottery.net/california/fantasy-5/numbers/2024
321,321,2024-11-16,23,32,35,36,38,https://www.lottery.net/california/fantasy-5/numbers/2024
322,322,2024-11-17,2,11,22,31,39,https://www.lottery.net/california/fantasy-5/numbers/2024
323,323,2024-11-18,12,16,24,25,39,https://www.lottery.net/california/fantasy-5/numbers/2024
324,324,2024-11-19,23,27,28,36,39,https://www.lottery.net/california/fantasy-5/numbers/2024
325,325,2024-11-20,22,24,29,35,38,https://www.lottery.net/california/fantasy-5/numbers/2024
326,326,2024-11-21,1,6,21,27,33,https://www.lottery.net/california/fantasy-5/numbers/2024
327,327,2024-11-22,1,7,10,11,24,https://www.lottery.net/california/fantasy-5/numbers/2024
328,328,2024-11-23,2,14,25,26,34,https://www.lottery.net/california/fantasy-5/numbers/2024
329,329,2024-11-24,3,5,17,26,37,https://www.lottery.net/california/fantasy-5/numbers/2024
330,330,2024-11-25,1,6,10,14,20,https://www.lottery.net/california/fantasy-5/numbers/2024
331,331,2024-11-26,3,6,15,20,31,https://www.lottery.net/california/fantasy-5/numbers/2024
332,332,2024-11-27,3,10,12,29,33,https://www.lottery.net/california/fantasy-5/numbers/2024
333,333,2024-11-28,9,19,27,32,36,https://www.lottery.net/california/fantasy-5/numbers/2024
334,334,2024-11-29,20,22,25,29,36,https://www.lottery.net/california/fantasy-5/numbers/2024
335,335,2024-11-30,15,16,20,32,37,https://www.lottery.net/california/fantasy-5/numbers/2024
336,336,2024-12-01,9,11,31,33,35,https://www.lottery.net/california/fantasy-5/numbers/2024
337,337,2024-12-02,2,3,22,25,28,https://www.lottery.net/california/fantasy-5/numbers/2024
338,338,2024-12-03,4,6,9,34,35,https://www.lottery.net/california/fantasy-5/numbers/2024
339,339,2024-12-04,7,14,16,19,26,https://www.lottery.net/california/fantasy-5/numbers/2024
340,340,2024-12-05,1,4,11,13,35,https://www.lottery.net/california/fantasy-5/numbers/2024
341,341,2024-12-06,6,11,17,26,39,https://www.lottery.net/california/fantasy-5/numbers/2024
342,342,2024-12-07,2,9,11,25,29,https://www.lottery.net/california/fantasy-5/numbers/2024
343,343,2024-12-08,4,6,7,13,32,https://www.lottery.net/california/fantasy-5/numbers/2024
344,344,2024-12-09,2,7,8,21,33,https://www.lottery.net/california/fantasy-5/numbers/2024
345,345,2024-12-10,12,20,21,25,31,https://www.lottery.net/california/fantasy-5/numbers/2024
346,346,2024-12-11,8,18,21,28,37,https://www.lottery.net/california/fantasy-5/numbers/2024
347,347,2024-12-12,9,15,16,30,36,https://www.lottery.net/california/fantasy-5/numbers/2024
348,348,2024-12-13,2,5,6,18,32,https://www.lottery.net/california/fantasy-5/numbers/2024
349,349,2024-12-14,10,19,24,26,33,https://www.lottery.net/california/fantasy-5/numbers/2024
350,350,2024-12-15,6,7,9,10,18,https://www.lottery.net/california/fantasy-5/numbers/2024
351,351,2024-12-16,5,13,20,33,34,https://www.lottery.net/california/fantasy-5/numbers/2024
352,352,2024-12-17,10,14,27,29,35,https://www.lottery.net/california/fantasy-5/numbers/2024
353,353,2024-12-18,2,10,13,19,25,https://www.lottery.net/california/fantasy-5/numbers/2024
354,354,2024-12-19,1,11,14,32,39,https://www.lottery.net/california/fantasy-5/numbers/2024
355,355,2024-12-20,6,12,15,18,35,https://www.lottery.net/california/fantasy-5/numbers/2024
356,356,2024-12-21,10,24,25,35,38,https://www.lottery.net/california/fantasy-5/numbers/2024
357,357,2024-12-22,4,20,27,28,32,https://www.lottery.net/california/fantasy-5/numbers/2024
358,358,2024-12-23,5,20,30,36,37,https://www.lottery.net/california/fantasy-5/numbers/2024
359,359,2024-12-24,7,14,34,35,39,https://www.lottery.net/california/fantasy-5/numbers/2024
360,360,2024-12-25,1,4,18,19,33,https://www.lottery.net/california/fantasy-5/numbers/2024
361,361,2024-12-26,14,18,24,28,33,https://www.lottery.net/california/fantasy-5/numbers/2024
362,362,2024-12-27,20,21,24,29,37,https://www.lottery.net/california/fantasy-5/numbers/2024
363,363,2024-12-28,2,6,21,24,39,https://www.lottery.net/california/fantasy-5/numbers/2024
364,364,2024-12-29,2,9,14,33,39,https://www.lottery.net/california/fantasy-5/numbers/2024
365,365,2024-12-30,8,13,32,33,37,https://www.lottery.net/california/fantasy-5/numbers/2024
366,366,2024-12-31,3,14,21,37,39,https://www.lottery.net/california/fantasy-5/numbers/2024
367,367,2025-01-01,4,9,11,22,39,https://www.lottery.net/california/fantasy-5/numbers/2025
368,368,2025-01-02,3,6,7,19,34,https://www.lottery.net/california/fantasy-5/numbers/2025
369,369,2025-01-03,15,23,25,26,32,https://www.lottery.net/california/fantasy-5/numbers/2025
370,370,2025-01-04,11,15,17,22,35,https://www.lottery.net/california/fantasy-5/numbers/2025
371,371,2025-01-05,5,25,34,36,39,https://www.lottery.net/california/fantasy-5/numbers/2025
372,372,2025-01-06,7,10,14,25,38,https://www.lottery.net/california/fantasy-5/numbers/2025
373,373,2025-01-07,4,10,23,26,34,https://www.lottery.net/california/fantasy-5/numbers/2025
374,374,2025-01-08,16,24,29,32,36,https://www.lottery.net/california/fantasy-5/numbers/2025
375,375,2025-01-09,6,20,22,30,39,https://www.lottery.net/california/fantasy-5/numbers/2025
376,376,2025-01-10,4,19,21,26,29,https://www.lottery.net/california/fantasy-5/numbers/2025
377,377,2025-01-11,6,9,19,32,39,https://www.lottery.net/california/fantasy-5/numbers/2025
378,378,2025-01-12,3,13,19,21,36,https://www.lottery.net/california/fantasy-5/numbers/2025
379,379,2025-01-13,11,15,32,33,36,https://www.lottery.net/california/fantasy-5/numbers/2025
380,380,2025-01-14,6,8,21,23,26,https://www.lottery.net/california/fantasy-5/numbers/2025
381,381,2025-01-15,4,5,6,18,21,https://www.lottery.net/california/fantasy-5/numbers/2025
382,382,2025-01-16,4,6,25,31,33,https://www.lottery.net/california/fantasy-5/numbers/2025
383,383,2025-01-17,20,25,29,35,36,https://www.lottery.net/california/fantasy-5/numbers/2025
384,384,2025-01-18,4,8,13,19,26,https://www.lottery.net/california/fantasy-5/numbers/2025
385,385,2025-01-19,5,10,18,19,30,https://www.lottery.net/california/fantasy-5/numbers/2025
386,386,2025-01-20,4,5,24,31,34,https://www.lottery.net/california/fantasy-5/numbers/2025
387,387,2025-01-21,15,20,21,25,33,https://www.lottery.net/california/fantasy-5/numbers/2025
388,388,2025-01-22,12,25,27,34,38,https://www.lottery.net/california/fantasy-5/numbers/2025
389,389,2025-01-23,2,6,21,28,31,https://www.lottery.net/california/fantasy-5/numbers/2025
390,390,2025-01-24,1,4,6,21,32,https://www.lottery.net/california/fantasy-5/numbers/2025
391,391,2025-01-25,4,21,23,27,29,https://www.lottery.net/california/fantasy-5/numbers/2025
392,392,2025-01-26,15,18,21,30,37,https://www.lottery.net/california/fantasy-5/numbers/2025
393,393,2025-01-27,5,6,7,8,16,https://www.lottery.net/california/fantasy-5/numbers/2025
394,394,2025-01-28,5,8,9,19,20,https://www.lottery.net/california/fantasy-5/numbers/2025
395,395,2025-01-29,5,19,29,31,33,https://www.lottery.net/california/fantasy-5/numbers/2025
396,396,2025-01-30,12,16,18,25,33,https://www.lottery.net/california/fantasy-5/numbers/2025
397,397,2025-01-31,6,10,12,16,30,https://www.lottery.net/california/fantasy-5/numbers/2025
398,398,2025-02-01,3,6,14,21,36,https://www.lottery.net/california/fantasy-5/numbers/2025
399,399,2025-02-02,16,18,36,38,39,https://www.lottery.net/california/fantasy-5/numbers/2025
400,400,2025-02-03,2,12,17,21,38,https://www.lottery.net/california/fantasy-5/numbers/2025
401,401,2025-02-04,1,5,6,34,37,https://www.lottery.net/california/fantasy-5/numbers/2025
402,402,2025-02-05,6,18,33,35,36,https://www.lottery.net/california/fantasy-5/numbers/2025
403,403,2025-02-06,5,7,11,14,16,https://www.lottery.net/california/fantasy-5/numbers/2025
404,404,2025-02-07,13,14,15,23,33,https://www.lottery.net/california/fantasy-5/numbers/2025
405,405,2025-02-08,3,8,17,25,35,https://www.lottery.net/california/fantasy-5/numbers/2025
406,406,2025-02-09,3,7,32,33,35,https://www.lottery.net/california/fantasy-5/numbers/2025
407,407,2025-02-10,6,14,17,20,24,https://www.lottery.net/california/fantasy-5/numbers/2025
408,408,2025-02-11,18,22,25,33,37,https://www.lottery.net/california/fantasy-5/numbers/2025
409,409,2025-02-12,4,7,13,16,20,https://www.lottery.net/california/fantasy-5/numbers/2025
410,410,2025-02-13,1,10,26,30,34,https://www.lottery.net/california/fantasy-5/numbers/2025
411,411,2025-02-14,5,16,20,26,30,https://www.lottery.net/california/fantasy-5/numbers/2025
412,412,2025-02-15,7,25,28,30,37,https://www.lottery.net/california/fantasy-5/numbers/2025
413,413,2025-02-16,4,25,28,31,32,https://www.lottery.net/california/fantasy-5/numbers/2025
414,414,2025-02-17,3,4,31,32,39,https://www.lottery.net/california/fantasy-5/numbers/2025
415,415,2025-02-18,3,10,14,20,26,https://www.lottery.net/california/fantasy-5/numbers/2025
416,416,2025-02-19,5,7,24,28,33,https://www.lottery.net/california/fantasy-5/numbers/2025
417,417,2025-02-20,3,5,11,20,28,https://www.lottery.net/california/fantasy-5/numbers/2025
418,418,2025-02-21,14,22,25,31,32,https://www.lottery.net/california/fantasy-5/numbers/2025
419,419,2025-02-22,15,27,30,32,35,https://www.lottery.net/california/fantasy-5/numbers/2025
420,420,2025-02-23,2,9,20,22,38,https://www.lottery.net/california/fantasy-5/numbers/2025
421,421,2025-02-24,7,13,17,27,34,https://www.lottery.net/california/fantasy-5/numbers/2025
422,422,2025-02-25,7,11,12,21,33,https://www.lottery.net/california/fantasy-5/numbers/2025
423,423,2025-02-26,3,12,13,22,37,https://www.lottery.net/california/fantasy-5/numbers/2025
424,424,2025-02-27,18,19,24,25,34,https://www.lottery.net/california/fantasy-5/numbers/2025
425,425,2025-02-28,10,11,19,28,37,https://www.lottery.net/california/fantasy-5/numbers/2025
426,426,2025-03-01,3,25,28,33,39,https://www.lottery.net/california/fantasy-5/numbers/2025
427,427,2025-03-02,1,4,17,26,39,https://www.lottery.net/california/fantasy-5/numbers/2025
428,428,2025-03-03,6,9,28,31,36,https://www.lottery.net/california/fantasy-5/numbers/2025
429,429,2025-03-04,14,18,20,22,32,https://www.lottery.net/california/fantasy-5/numbers/2025
430,430,2025-03-05,8,18,26,29,34,https://www.lottery.net/california/fantasy-5/numbers/2025
431,431,2025-03-06,3,4,8,19,34,https://www.lottery.net/california/fantasy-5/numbers/2025
432,432,2025-03-07,9,11,18,30,35,https://www.lottery.net/california/fantasy-5/numbers/2025
433,433,2025-03-08,1,11,18,31,37,https://www.lottery.net/california/fantasy-5/numbers/2025
434,434,2025-03-09,3,9,20,30,36,https://www.lottery.net/california/fantasy-5/numbers/2025
435,435,2025-03-10,17,25,26,35,37,https://www.lottery.net/california/fantasy-5/numbers/2025
436,436,2025-03-11,9,11,17,22,32,https://www.lottery.net/california/fantasy-5/numbers/2025
437,437,2025-03-12,3,9,35,37,38,https://www.lottery.net/california/fantasy-5/numbers/2025
438,438,2025-03-13,8,14,19,27,33,https://www.lottery.net/california/fantasy-5/numbers/2025
439,439,2025-03-14,5,7,9,21,27,https://www.lottery.net/california/fantasy-5/numbers/2025
440,440,2025-03-15,5,6,8,30,31,https://www.lottery.net/california/fantasy-5/numbers/2025
441,441,2025-03-16,9,10,15,19,24,https://www.lottery.net/california/fantasy-5/numbers/2025
442,442,2025-03-17,3,13,19,24,29,https://www.lottery.net/california/fantasy-5/numbers/2025
443,443,2025-03-18,5,16,23,34,35,https://www.lottery.net/california/fantasy-5/numbers/2025
444,444,2025-03-19,17,29,30,35,36,https://www.lottery.net/california/fantasy-5/numbers/2025
445,445,2025-03-20,10,20,24,27,39,https://www.lottery.net/california/fantasy-5/numbers/2025
446,446,2025-03-21,9,13,14,18,35,https://www.lottery.net/california/fantasy-5/numbers/2025
447,447,2025-03-22,11,17,19,29,31,https://www.lottery.net/california/fantasy-5/numbers/2025
448,448,2025-03-23,1,7,16,28,31,https://www.lottery.net/california/fantasy-5/numbers/2025
449,449,2025-03-24,1,3,12,14,18,https://www.lottery.net/california/fantasy-5/numbers/2025
450,450,2025-03-25,1,9,11,14,28,https://www.lottery.net/california/fantasy-5/numbers/2025
451,451,2025-03-26,7,19,27,31,38,https://www.lottery.net/california/fantasy-5/numbers/2025
452,452,2025-03-27,12,27,30,35,39,https://www.lottery.net/california/fantasy-5/numbers/2025
453,453,2025-03-28,1,3,16,17,38,https://www.lottery.net/california/fantasy-5/numbers/2025
454,454,2025-03-29,9,14,28,37,39,https://www.lottery.net/california/fantasy-5/numbers/2025
455,455,2025-03-30,1,10,16,28,32,https://www.lottery.net/california/fantasy-5/numbers/2025
456,456,2025-03-31,18,26,32,36,38,https://www.lottery.net/california/fantasy-5/numbers/2025
457,457,2025-04-01,2,4,10,23,26,https://www.lottery.net/california/fantasy-5/numbers/2025
458,458,2025-04-02,8,16,22,28,37,https://www.lottery.net/california/fantasy-5/numbers/2025
459,459,2025-04-03,9,10,14,27,30,https://www.lottery.net/california/fantasy-5/numbers/2025
460,460,2025-04-04,2,8,10,17,32,https://www.lottery.net/california/fantasy-5/numbers/2025
461,461,2025-04-05,13,17,24,31,33,https://www.lottery.net/california/fantasy-5/numbers/2025
462,462,2025-04-06,2,10,13,32,37,https://www.lottery.net/california/fantasy-5/numbers/2025
463,463,2025-04-07,2,4,12,26,28,https://www.lottery.net/california/fantasy-5/numbers/2025
464,464,2025-04-08,3,9,12,14,31,https://www.lottery.net/california/fantasy-5/numbers/2025
465,465,2025-04-09,4,17,24,36,39,https://www.lottery.net/california/fantasy-5/numbers/2025
466,466,2025-04-10,14,16,20,28,30,https://www.lottery.net/california/fantasy-5/numbers/2025
467,467,2025-04-11,2,15,25,37,39,https://www.lottery.net/california/fantasy-5/numbers/2025
468,468,2025-04-12,3,13,23,31,34,https://www.lottery.net/california/fantasy-5/numbers/2025
469,469,2025-04-13,15,26,29,35,38,https://www.lottery.net/california/fantasy-5/numbers/2025
470,470,2025-04-14,1,17,25,27,34,https://www.lottery.net/california/fantasy-5/numbers/2025
471,471,2025-04-15,1,21,33,38,39,https://www.lottery.net/california/fantasy-5/numbers/2025
472,472,2025-04-16,11,13,30,33,39,https://www.lottery.net/california/fantasy-5/numbers/2025
473,473,2025-04-17,6,11,13,33,37,https://www.lottery.net/california/fantasy-5/numbers/2025
474,474,2025-04-18,7,21,27,29,36,https://www.lottery.net/california/fantasy-5/numbers/2025
475,475,2025-04-19,5,10,26,28,38,https://www.lottery.net/california/fantasy-5/numbers/2025
476,476,2025-04-20,9,12,13,29,34,https://www.lottery.net/california/fantasy-5/numbers/2025
477,477,2025-04-21,2,20,26,33,39,https://www.lottery.net/california/fantasy-5/numbers/2025
478,478,2025-04-22,16,17,26,28,33,https://www.lottery.net/california/fantasy-5/numbers/2025
479,479,2025-04-23,4,27,28,30,34,https://www.lottery.net/california/fantasy-5/numbers/2025
480,480,2025-04-24,1,6,16,19,20,https://www.lottery.net/california/fantasy-5/numbers/2025
481,481,2025-04-25,4,11,23,29,34,https://www.lottery.net/california/fantasy-5/numbers/2025
482,482,2025-04-26,2,6,20,29,38,https://www.lottery.net/california/fantasy-5/numbers/2025
483,483,2025-04-27,6,24,25,35,39,https://www.lottery.net/california/fantasy-5/numbers/2025
484,484,2025-04-28,9,22,28,32,38,https://www.lottery.net/california/fantasy-5/numbers/2025
485,485,2025-04-29,14,18,26,29,39,https://www.lottery.net/california/fantasy-5/numbers/2025
486,486,2025-04-30,9,24,27,28,37,https://www.lottery.net/california/fantasy-5/numbers/2025
487,487,2025-05-01,7,21,24,31,35,https://www.lottery.net/california/fantasy-5/numbers/2025
488,488,2025-05-02,11,13,25,37,39,https://www.lottery.net/california/fantasy-5/numbers/2025
489,489,2025-05-03,9,16,25,27,28,https://www.lottery.net/california/fantasy-5/numbers/2025
490,490,2025-05-04,6,9,32,33,34,https://www.lottery.net/california/fantasy-5/numbers/2025
491,491,2025-05-05,3,14,19,26,35,https://www.lottery.net/california/fantasy-5/numbers/2025
492,492,2025-05-06,10,12,34,36,37,https://www.lottery.net/california/fantasy-5/numbers/2025
493,493,2025-05-07,4,12,13,14,28,https://www.lottery.net/california/fantasy-5/numbers/2025
494,494,2025-05-08,20,24,28,33,39,https://www.lottery.net/california/fantasy-5/numbers/2025
495,495,2025-05-09,12,17,22,29,33,https://www.lottery.net/california/fantasy-5/numbers/2025
496,496,2025-05-10,3,4,9,17,26,https://www.lottery.net/california/fantasy-5/numbers/2025
497,497,2025-05-11,4,8,11,27,35,https://www.lottery.net/california/fantasy-5/numbers/2025
498,498,2025-05-12,1,2,18,36,39,https://www.lottery.net/california/fantasy-5/numbers/2025
499,499,2025-05-13,3,8,21,32,37,https://www.lottery.net/california/fantasy-5/numbers/2025
500,500,2025-05-14,6,14,21,22,32,https://www.lottery.net/california/fantasy-5/numbers/2025
501,501,2025-05-15,1,7,10,20,26,https://www.lottery.net/california/fantasy-5/numbers/2025
502,502,2025-05-16,2,17,24,35,36,https://www.lottery.net/california/fantasy-5/numbers/2025
503,503,2025-05-17,1,7,33,36,38,https://www.lottery.net/california/fantasy-5/numbers/2025
504,504,2025-05-18,10,21,23,24,31,https://www.lottery.net/california/fantasy-5/numbers/2025
505,505,2025-05-19,9,16,17,26,32,https://www.lottery.net/california/fantasy-5/numbers/2025
506,506,2025-05-20,3,9,21,29,32,https://www.lottery.net/california/fantasy-5/numbers/2025
507,507,2025-05-21,2,3,8,14,20,https://www.lottery.net/california/fantasy-5/numbers/2025
508,508,2025-05-22,3,17,23,24,27,https://www.lottery.net/california/fantasy-5/numbers/2025
509,509,2025-05-23,9,18,20,25,38,https://www.lottery.net/california/fantasy-5/numbers/2025
510,510,2025-05-24,5,22,23,37,39,https://www.lottery.net/california/fantasy-5/numbers/2025
511,511,2025-05-25,2,5,7,16,30,https://www.lottery.net/california/fantasy-5/numbers/2025
512,512,2025-05-26,6,11,22,28,36,https://www.lottery.net/california/fantasy-5/numbers/2025
513,513,2025-05-27,13,20,25,34,35,https://www.lottery.net/california/fantasy-5/numbers/2025
514,514,2025-05-28,10,22,30,31,37,https://www.lottery.net/california/fantasy-5/numbers/2025
515,515,2025-05-29,10,17,19,20,21,https://www.lottery.net/california/fantasy-5/numbers/2025
516,516,2025-05-30,2,6,20,29,39,https://www.lottery.net/california/fantasy-5/numbers/2025
517,517,2025-05-31,20,23,27,34,38,https://www.lottery.net/california/fantasy-5/numbers/2025
518,518,2025-06-01,3,17,20,23,34,https://www.lottery.net/california/fantasy-5/numbers/2025
519,519,2025-06-02,1,2,3,12,23,https://www.lottery.net/california/fantasy-5/numbers/2025
520,520,2025-06-03,5,23,29,32,37,https://www.lottery.net/california/fantasy-5/numbers/2025
521,521,2025-06-04,2,3,9,15,33,https://www.lottery.net/california/fantasy-5/numbers/2025
522,522,2025-06-05,2,8,12,27,30,https://www.lottery.net/california/fantasy-5/numbers/2025
523,523,2025-06-06,4,15,17,22,27,https://www.lottery.net/california/fantasy-5/numbers/2025
524,524,2025-06-07,10,16,18,27,34,https://www.lottery.net/california/fantasy-5/numbers/2025
525,525,2025-06-08,6,17,18,29,39,https://www.lottery.net/california/fantasy-5/numbers/2025
526,526,2025-06-09,9,11,14,30,32,https://www.lottery.net/california/fantasy-5/numbers/2025
527,527,2025-06-10,5,10,12,20,33,https://www.lottery.net/california/fantasy-5/numbers/2025
528,528,2025-06-11,21,27,34,36,38,https://www.lottery.net/california/fantasy-5/numbers/2025
529,529,2025-06-12,10,13,25,27,33,https://www.lottery.net/california/fantasy-5/numbers/2025
530,530,2025-06-13,5,15,17,28,30,https://www.lottery.net/california/fantasy-5/numbers/2025
531,531,2025-06-14,11,19,24,32,39,https://www.lottery.net/california/fantasy-5/numbers/2025
532,532,2025-06-15,1,3,5,12,20,https://www.lottery.net/california/fantasy-5/numbers/2025
533,533,2025-06-16,2,8,18,34,36,https://www.lottery.net/california/fantasy-5/numbers/2025
534,534,2025-06-17,5,12,19,22,27,https://www.lottery.net/california/fantasy-5/numbers/2025
535,535,2025-06-18,10,14,18,31,38,https://www.lottery.net/california/fantasy-5/numbers/2025
536,536,2025-06-19,19,26,29,32,39,https://www.lottery.net/california/fantasy-5/numbers/2025
537,537,2025-06-20,16,17,18,19,20,https://www.lottery.net/california/fantasy-5/numbers/2025
538,538,2025-06-21,5,13,19,20,38,https://www.lottery.net/california/fantasy-5/numbers/2025
539,539,2025-06-22,6,10,13,21,27,https://www.lottery.net/california/fantasy-5/numbers/2025
540,540,2025-06-23,10,17,24,25,27,https://www.lottery.net/california/fantasy-5/numbers/2025
541,541,2025-06-24,2,11,16,23,39,https://www.lottery.net/california/fantasy-5/numbers/2025
542,542,2025-06-25,13,24,29,30,39,https://www.lottery.net/california/fantasy-5/numbers/2025
543,543,2025-06-26,8,22,23,28,32,https://www.lottery.net/california/fantasy-5/numbers/2025
544,544,2025-06-27,1,6,11,33,39,https://www.lottery.net/california/fantasy-5/numbers/2025
545,545,2025-06-28,14,22,27,37,38,https://www.lottery.net/california/fantasy-5/numbers/2025
546,546,2025-06-29,5,7,10,20,25,https://www.lottery.net/california/fantasy-5/numbers/2025
547,547,2025-06-30,4,18,22,34,36,https://www.lottery.net/california/fantasy-5/numbers/2025
548,548,2025-07-01,3,5,6,25,29,https://www.lottery.net/california/fantasy-5/numbers/2025
549,549,2025-07-02,9,15,32,35,37,https://www.lottery.net/california/fantasy-5/numbers/2025
550,550,2025-07-03,6,13,18,27,34,https://www.lottery.net/california/fantasy-5/numbers/2025
551,551,2025-07-04,1,8,34,35,37,https://www.lottery.net/california/fantasy-5/numbers/2025
552,552,2025-07-05,15,17,22,24,31,https://www.lottery.net/california/fantasy-5/numbers/2025
553,553,2025-07-06,10,12,16,24,34,https://www.lottery.net/california/fantasy-5/numbers/2025
554,554,2025-07-07,2,8,14,26,33,https://www.lottery.net/california/fantasy-5/numbers/2025
555,555,2025-07-08,11,24,29,34,37,https://www.lottery.net/california/fantasy-5/numbers/2025
556,556,2025-07-09,4,11,23,25,26,https://www.lottery.net/california/fantasy-5/numbers/2025
557,557,2025-07-10,20,22,28,36,39,https://www.lottery.net/california/fantasy-5/numbers/2025
558,558,2025-07-11,1,15,25,32,37,https://www.lottery.net/california/fantasy-5/numbers/2025
559,559,2025-07-12,1,3,7,37,38,https://www.lottery.net/california/fantasy-5/numbers/2025
560,560,2025-07-13,12,20,27,35,38,https://www.lottery.net/california/fantasy-5/numbers/2025
561,561,2025-07-14,5,10,17,24,33,https://www.lottery.net/california/fantasy-5/numbers/2025
562,562,2025-07-15,2,9,13,21,32,https://www.lottery.net/california/fantasy-5/numbers/2025
563,563,2025-07-16,2,7,28,34,39,https://www.lottery.net/california/fantasy-5/numbers/2025
564,564,2025-07-17,6,8,11,35,37,https://www.lottery.net/california/fantasy-5/numbers/2025
565,565,2025-07-18,3,6,13,22,31,https://www.lottery.net/california/fantasy-5/numbers/2025
566,566,2025-07-19,4,11,17,18,20,https://www.lottery.net/california/fantasy-5/numbers/2025
567,567,2025-07-20,1,4,11,23,27,https://www.lottery.net/california/fantasy-5/numbers/2025
568,568,2025-07-21,2,14,32,33,35,https://www.lottery.net/california/fantasy-5/numbers/2025
569,569,2025-07-22,10,11,13,21,29,https://www.lottery.net/california/fantasy-5/numbers/2025
570,570,2025-07-23,10,12,17,24,34,https://www.lottery.net/california/fantasy-5/numbers/2025
571,571,2025-07-24,2,4,11,15,32,https://www.lottery.net/california/fantasy-5/numbers/2025
572,572,2025-07-25,5,8,20,24,34,https://www.lottery.net/california/fantasy-5/numbers/2025
573,573,2025-07-26,13,19,30,35,38,https://www.lottery.net/california/fantasy-5/numbers/2025
574,574,2025-07-27,11,27,32,35,36,https://www.lottery.net/california/fantasy-5/numbers/2025
575,575,2025-07-28,3,17,18,25,32,https://www.lottery.net/california/fantasy-5/numbers/2025
576,576,2025-07-29,12,21,29,36,37,https://www.lottery.net/california/fantasy-5/numbers/2025
577,577,2025-07-30,9,12,23,26,36,https://www.lottery.net/california/fantasy-5/numbers/2025
578,578,2025-07-31,3,12,16,18,19,https://www.lottery.net/california/fantasy-5/numbers/2025
579,579,2025-08-01,2,10,12,14,23,https://www.lottery.net/california/fantasy-5/numbers/2025
580,580,2025-08-02,9,14,17,26,28,https://www.lottery.net/california/fantasy-5/numbers/2025
581,581,2025-08-03,5,11,22,32,35,https://www.lottery.net/california/fantasy-5/numbers/2025
582,582,2025-08-04,4,8,10,17,21,https://www.lottery.net/california/fantasy-5/numbers/2025
583,583,2025-08-05,17,19,27,32,38,https://www.lottery.net/california/fantasy-5/numbers/2025
584,584,2025-08-06,10,12,24,26,31,https://www.lottery.net/california/fantasy-5/numbers/2025
585,585,2025-08-07,7,9,21,27,30,https://www.lottery.net/california/fantasy-5/numbers/2025
586,586,2025-08-08,7,18,19,36,37,https://www.lottery.net/california/fantasy-5/numbers/2025
587,587,2025-08-09,3,4,25,34,37,https://www.lottery.net/california/fantasy-5/numbers/2025
588,588,2025-08-10,2,6,19,30,37,https://www.lottery.net/california/fantasy-5/numbers/2025
589,589,2025-08-11,4,9,14,21,27,https://www.lottery.net/california/fantasy-5/numbers/2025
590,590,2025-08-12,3,6,9,32,39,https://www.lottery.net/california/fantasy-5/numbers/2025
591,591,2025-08-13,14,18,24,32,33,https://www.lottery.net/california/fantasy-5/numbers/2025
592,592,2025-08-14,13,17,23,29,35,https://www.lottery.net/california/fantasy-5/numbers/2025
593,593,2025-08-15,13,23,32,33,38,https://www.lottery.net/california/fantasy-5/numbers/2025
594,594,2025-08-16,1,2,9,11,39,https://www.lottery.net/california/fantasy-5/numbers/2025
595,595,2025-08-17,10,14,17,21,30,https://www.lottery.net/california/fantasy-5/numbers/2025
596,596,2025-08-18,3,13,15,19,37,https://www.lottery.net/california/fantasy-5/numbers/2025
597,597,2025-08-19,14,22,26,29,33,https://www.lottery.net/california/fantasy-5/numbers/2025
598,598,2025-08-20,6,20,33,34,35,https://www.lottery.net/california/fantasy-5/numbers/2025
599,599,2025-08-21,9,10,25,31,34,https://www.lottery.net/california/fantasy-5/numbers/2025
600,600,2025-08-22,19,21,26,34,37,https://www.lottery.net/california/fantasy-5/numbers/2025
601,601,2025-08-23,1,19,21,26,30,https://www.lottery.net/california/fantasy-5/numbers/2025
602,602,2025-08-24,5,14,20,37,39,https://www.lottery.net/california/fantasy-5/numbers/2025
603,603,2025-08-25,15,22,25,38,39,https://www.lottery.net/california/fantasy-5/numbers/2025
604,604,2025-08-26,3,14,27,31,33,https://www.lottery.net/california/fantasy-5/numbers/2025
605,605,2025-08-27,4,15,17,18,38,https://www.lottery.net/california/fantasy-5/numbers/2025
606,606,2025-08-28,14,21,23,33,36,https://www.lottery.net/california/fantasy-5/numbers/2025
607,607,2025-08-29,2,17,22,25,37,https://www.lottery.net/california/fantasy-5/numbers/2025
608,608,2025-08-30,1,3,20,29,36,https://www.lottery.net/california/fantasy-5/numbers/2025
609,609,2025-08-31,2,10,28,33,39,https://www.lottery.net/california/fantasy-5/numbers/2025
610,610,2025-09-01,7,30,33,36,38,https://www.lottery.net/california/fantasy-5/numbers/2025
611,611,2025-09-02,2,7,18,19,30,https://www.lottery.net/california/fantasy-5/numbers/2025
612,612,2025-09-03,9,10,17,18,32,https://www.lottery.net/california/fantasy-5/numbers/2025
613,613,2025-09-04,11,15,18,36,37,https://www.lottery.net/california/fantasy-5/numbers/2025
614,614,2025-09-05,15,17,20,33,34,https://www.lottery.net/california/fantasy-5/numbers/2025
615,615,2025-09-06,3,5,31,33,35,https://www.lottery.net/california/fantasy-5/numbers/2025
616,616,2025-09-07,3,9,12,23,26,https://www.lottery.net/california/fantasy-5/numbers/2025
617,617,2025-09-08,2,16,29,34,38,https://www.lottery.net/california/fantasy-5/numbers/2025
618,618,2025-09-09,13,16,22,36,38,https://www.lottery.net/california/fantasy-5/numbers/2025
619,619,2025-09-10,10,11,21,25,30,https://www.lottery.net/california/fantasy-5/numbers/2025
620,620,2025-09-11,11,15,22,23,32,https://www.lottery.net/california/fantasy-5/numbers/2025
621,621,2025-09-12,6,21,23,28,31,https://www.lottery.net/california/fantasy-5/numbers/2025
622,622,2025-09-13,1,9,25,26,30,https://www.lottery.net/california/fantasy-5/numbers/2025
623,623,2025-09-14,2,19,21,23,24,https://www.lottery.net/california/fantasy-5/numbers/2025
624,624,2025-09-15,7,8,27,28,34,https://www.lottery.net/california/fantasy-5/numbers/2025
625,625,2025-09-16,8,10,11,14,29,https://www.lottery.net/california/fantasy-5/numbers/2025
626,626,2025-09-17,2,7,12,30,32,https://www.lottery.net/california/fantasy-5/numbers/2025
627,627,2025-09-18,3,8,27,29,32,https://www.lottery.net/california/fantasy-5/numbers/2025
628,628,2025-09-19,9,11,28,31,35,https://www.lottery.net/california/fantasy-5/numbers/2025
629,629,2025-09-20,6,15,16,23,31,https://www.lottery.net/california/fantasy-5/numbers/2025
630,630,2025-09-21,9,18,19,24,30,https://www.lottery.net/california/fantasy-5/numbers/2025
631,631,2025-09-22,27,28,30,35,37,https://www.lottery.net/california/fantasy-5/numbers/2025
632,632,2025-09-23,3,8,19,26,28,https://www.lottery.net/california/fantasy-5/numbers/2025
633,633,2025-09-24,11,25,26,33,35,https://www.lottery.net/california/fantasy-5/numbers/2025
634,634,2025-09-25,7,18,25,28,38,https://www.lottery.net/california/fantasy-5/numbers/2025
635,635,2025-09-26,16,17,24,26,33,https://www.lottery.net/california/fantasy-5/numbers/2025
636,636,2025-09-27,15,17,24,25,33,https://www.lottery.net/california/fantasy-5/numbers/2025
637,637,2025-09-28,6,9,16,17,25,https://www.lottery.net/california/fantasy-5/numbers/2025
638,638,2025-09-29,3,13,23,25,30,https://www.lottery.net/california/fantasy-5/numbers/2025
639,639,2025-09-30,6,20,29,31,39,https://www.lottery.net/california/fantasy-5/numbers/2025
640,640,2025-10-01,3,6,7,37,38,https://www.lottery.net/california/fantasy-5/numbers/2025
641,641,2025-10-02,7,11,14,34,37,https://www.lottery.net/california/fantasy-5/numbers/2025
642,642,2025-10-03,4,9,10,14,15,https://www.lottery.net/california/fantasy-5/numbers/2025
643,643,2025-10-04,14,15,16,29,39,https://www.lottery.net/california/fantasy-5/numbers/2025
644,644,2025-10-05,12,20,25,28,33,https://www.lottery.net/california/fantasy-5/numbers/2025
645,645,2025-10-06,5,7,10,16,28,https://www.lottery.net/california/fantasy-5/numbers/2025
646,646,2025-10-07,10,16,25,32,39,https://www.lottery.net/california/fantasy-5/numbers/2025
647,647,2025-10-08,3,27,28,32,39,https://www.lottery.net/california/fantasy-5/numbers/2025
648,648,2025-10-09,14,25,26,31,34,https://www.lottery.net/california/fantasy-5/numbers/2025
649,649,2025-10-10,26,30,37,38,39,https://www.lottery.net/california/fantasy-5/numbers/2025
650,650,2025-10-11,8,9,24,31,38,https://www.lottery.net/california/fantasy-5/numbers/2025
651,651,2025-10-12,1,7,9,32,36,https://www.lottery.net/california/fantasy-5/numbers/2025
652,652,2025-10-13,2,6,18,31,39,https://www.lottery.net/california/fantasy-5/numbers/2025
653,653,2025-10-14,6,17,20,21,23,https://www.lottery.net/california/fantasy-5/numbers/2025
654,654,2025-10-15,4,19,30,31,39,https://www.lottery.net/california/fantasy-5/numbers/2025
655,655,2025-10-16,2,13,16,17,23,https://www.lottery.net/california/fantasy-5/numbers/2025
656,656,2025-10-17,19,21,33,35,37,https://www.lottery.net/california/fantasy-5/numbers/2025
657,657,2025-10-18,1,8,10,17,23,https://www.lottery.net/california/fantasy-5/numbers/2025
658,658,2025-10-19,11,14,15,16,17,https://www.lottery.net/california/fantasy-5/numbers/2025
659,659,2025-10-20,2,5,11,36,37,https://www.lottery.net/california/fantasy-5/numbers/2025
660,660,2025-10-21,8,14,24,26,32,https://www.lottery.net/california/fantasy-5/numbers/2025
661,661,2025-10-22,7,19,21,23,37,https://www.lottery.net/california/fantasy-5/numbers/2025
662,662,2025-10-23,4,14,30,33,38,https://www.lottery.net/california/fantasy-5/numbers/2025
663,663,2025-10-24,18,21,25,30,39,https://www.lottery.net/california/fantasy-5/numbers/2025
664,664,2025-10-25,2,15,20,33,35,https://www.lottery.net/california/fantasy-5/numbers/2025
665,665,2025-10-26,10,14,18,22,29,https://www.lottery.net/california/fantasy-5/numbers/2025
666,666,2025-10-27,1,7,17,26,29,https://www.lottery.net/california/fantasy-5/numbers/2025
667,667,2025-10-28,10,13,33,38,39,https://www.lottery.net/california/fantasy-5/numbers/2025
668,668,2025-10-29,3,6,11,13,29,https://www.lottery.net/california/fantasy-5/numbers/2025
669,669,2025-10-30,1,13,19,23,28,https://www.lottery.net/california/fantasy-5/numbers/2025
670,670,2025-10-31,7,8,26,27,35,https://www.lottery.net/california/fantasy-5/numbers/2025
671,671,2025-11-01,1,2,21,30,35,https://www.lottery.net/california/fantasy-5/numbers/2025
672,672,2025-11-02,1,10,11,14,30,https://www.lottery.net/california/fantasy-5/numbers/2025
673,673,2025-11-03,7,8,21,24,31,https://www.lottery.net/california/fantasy-5/numbers/2025
674,674,2025-11-04,18,24,25,28,34,https://www.lottery.net/california/fantasy-5/numbers/2025
675,675,2025-11-05,16,17,23,30,33,https://www.lottery.net/california/fantasy-5/numbers/2025
676,676,2025-11-06,2,6,16,20,38,https://www.lottery.net/california/fantasy-5/numbers/2025
677,677,2025-11-07,5,12,14,32,38,https://www.lottery.net/california/fantasy-5/numbers/2025
678,678,2025-11-08,1,19,20,22,29,https://www.lottery.net/california/fantasy-5/numbers/2025
679,679,2025-11-09,14,16,23,27,33,https://www.lottery.net/california/fantasy-5/numbers/2025
680,680,2025-11-10,5,14,17,21,30,https://www.lottery.net/california/fantasy-5/numbers/2025
681,681,2025-11-11,4,5,20,34,35,https://www.lottery.net/california/fantasy-5/numbers/2025
682,682,2025-11-12,2,11,24,25,39,https://www.lottery.net/california/fantasy-5/numbers/2025
683,683,2025-11-13,6,10,17,23,35,https://www.lottery.net/california/fantasy-5/numbers/2025
684,684,2025-11-14,7,11,13,32,39,https://www.lottery.net/california/fantasy-5/numbers/2025
685,685,2025-11-15,6,12,18,25,36,https://www.lottery.net/california/fantasy-5/numbers/2025
686,686,2025-11-16,10,20,33,35,38,https://www.lottery.net/california/fantasy-5/numbers/2025
687,687,2025-11-17,4,7,18,29,38,https://www.lottery.net/california/fantasy-5/numbers/2025
688,688,2025-11-18,9,13,14,19,33,https://www.lottery.net/california/fantasy-5/numbers/2025
689,689,2025-11-19,3,6,7,13,37,https://www.lottery.net/california/fantasy-5/numbers/2025
690,690,2025-11-20,4,7,17,28,33,https://www.lottery.net/california/fantasy-5/numbers/2025
691,691,2025-11-21,10,11,17,28,33,https://www.lottery.net/california/fantasy-5/numbers/2025
692,692,2025-11-22,9,11,21,31,35,https://www.lottery.net/california/fantasy-5/numbers/2025
693,693,2025-11-23,3,16,21,35,38,https://www.lottery.net/california/fantasy-5/numbers/2025
694,694,2025-11-24,5,17,20,36,39,https://www.lottery.net/california/fantasy-5/numbers/2025
695,695,2025-11-25,3,5,7,18,24,https://www.lottery.net/california/fantasy-5/numbers/2025
696,696,2025-11-26,2,3,21,25,27,https://www.lottery.net/california/fantasy-5/numbers/2025
697,697,2025-11-27,10,24,28,31,37,https://www.lottery.net/california/fantasy-5/numbers/2025
698,698,2025-11-28,13,14,21,23,32,https://www.lottery.net/california/fantasy-5/numbers/2025
699,699,2025-11-29,2,10,27,28,34,https://www.lottery.net/california/fantasy-5/numbers/2025
700,700,2025-11-30,2,5,8,24,33,https://www.lottery.net/california/fantasy-5/numbers/2025
701,701,2025-12-01,1,2,20,30,38,https://www.lottery.net/california/fantasy-5/numbers/2025
702,702,2025-12-02,6,16,18,20,33,https://www.lottery.net/california/fantasy-5/numbers/2025
703,703,2025-12-03,6,7,28,29,32,https://www.lottery.net/california/fantasy-5/numbers/2025
704,704,2025-12-04,16,21,30,33,34,https://www.lottery.net/california/fantasy-5/numbers/2025
705,705,2025-12-05,9,10,16,27,36,https://www.lottery.net/california/fantasy-5/numbers/2025
706,706,2025-12-06,9,11,12,13,34,https://www.lottery.net/california/fantasy-5/numbers/2025
707,707,2025-12-07,11,13,14,19,39,https://www.lottery.net/california/fantasy-5/numbers/2025
708,708,2025-12-08,7,31,33,35,38,https://www.lottery.net/california/fantasy-5/numbers/2025
709,709,2025-12-09,10,15,16,20,33,https://www.lottery.net/california/fantasy-5/numbers/2025
710,710,2025-12-10,1,2,5,10,17,https://www.lottery.net/california/fantasy-5/numbers/2025
711,711,2025-12-11,7,13,23,26,30,https://www.lottery.net/california/fantasy-5/numbers/2025
712,712,2025-12-12,16,18,27,32,38,https://www.lottery.net/california/fantasy-5/numbers/2025
713,713,2025-12-13,2,3,22,24,32,https://www.lottery.net/california/fantasy-5/numbers/2025
714,714,2025-12-14,10,14,18,31,32,https://www.lottery.net/california/fantasy-5/numbers/2025
715,715,2025-12-15,10,16,17,22,35,https://www.lottery.net/california/fantasy-5/numbers/2025
716,716,2025-12-16,14,15,24,32,34,https://www.lottery.net/california/fantasy-5/numbers/2025
717,717,2025-12-17,13,25,28,31,33,https://www.lottery.net/california/fantasy-5/numbers/2025
718,718,2025-12-18,2,6,11,18,31,https://www.lottery.net/california/fantasy-5/numbers/2025
719,719,2025-12-19,14,16,22,35,36,https://www.lottery.net/california/fantasy-5/numbers/2025
720,720,2025-12-20,11,28,29,32,37,https://www.lottery.net/california/fantasy-5/numbers/2025
721,721,2025-12-21,15,23,26,28,37,https://www.lottery.net/california/fantasy-5/numbers/2025
722,722,2025-12-22,1,14,16,18,19,https://www.lottery.net/california/fantasy-5/numbers/2025
723,723,2025-12-23,5,14,15,19,26,https://www.lottery.net/california/fantasy-5/numbers/2025
724,724,2025-12-24,7,11,18,28,30,https://www.lottery.net/california/fantasy-5/numbers/2025
725,725,2025-12-25,5,17,20,29,38,https://www.lottery.net/california/fantasy-5/numbers/2025
726,726,2025-12-26,2,6,7,8,35,https://www.lottery.net/california/fantasy-5/numbers/2025
727,727,2025-12-27,8,9,20,26,36,https://www.lottery.net/california/fantasy-5/numbers/2025
728,728,2025-12-28,1,21,22,33,35,https://www.lottery.net/california/fantasy-5/numbers/2025
729,729,2025-12-29,1,8,13,17,20,https://www.lottery.net/california/fantasy-5/numbers/2025
730,730,2025-12-30,10,12,22,28,37,https://www.lottery.net/california/fantasy-5/numbers/2025
731,731,2025-12-31,1,3,9,11,21,https://www.lottery.net/california/fantasy-5/numbers/2025
732,732,2026-08-02,2,3,20,24,27,consensus_latest:network:lotterynet+lottolyzer
733,733,2026-08-03,8,16,19,24,32,consensus_latest:network:lotterynet+lottolyzer
734,734,2026-08-04,19,23,29,30,38,consensus_latest:network:lotterynet+lottolyzer
735,735,2026-08-05,4,10,35,37,39,consensus_latest:network:lotterynet+lottolyzer
736,736,2026-08-06,8,17,28,32,34,consensus_latest:network:lotterynet+lottolyzer
737,737,2026-08-07,1,14,19,35,38,consensus_latest:network:lotterynet+lottolyzer
738,738,2026-08-08,5,11,14,27,33,consensus_latest:network:lotterynet+lottolyzer
739,739,2026-08-09,9,14,19,26,32,consensus_latest:network:lotterynet+lottolyzer
740,740,2026-08-10,9,10,11,13,25,consensus_latest:network:lotterynet+lottolyzer
741,741,2026-08-11,5,8,11,21,32,consensus_latest:network:lotterynet+lottolyzer
742,742,2026-08-12,6,11,14,21,24,consensus_latest:network:lotterynet+lottolyzer
743,743,2026-08-13,9,11,13,27,36,consensus_latest:network:lotterynet+lottolyzer
744,744,2026-08-14,4,7,10,25,31,consensus_latest:network:lotterynet+lottolyzer
745,745,2026-08-15,2,8,10,23,39,consensus_latest:network:lotterynet+lottolyzer
746,746,2026-08-16,2,5,14,31,39,consensus_latest:network:lotterynet+lottolyzer
747,747,2026-08-17,7,15,21,33,34,consensus_latest:network:lotterynet+lottolyzer
748,748,2026-08-18,5,15,31,38,39,consensus_latest:network:lotterynet+lottolyzer
749,749,2026-08-19,9,15,25,32,38,consensus_latest:network:lotterynet+lottolyzer
750,750,2026-08-20,10,30,31,34,35,consensus_latest:network:lotterynet+lottolyzer
751,751,2026-08-21,4,25,31,37,39,consensus_latest:network:lotterynet+lottolyzer
752,752,2026-08-22,2,15,22,29,33,consensus_latest:network:lotterynet+lottolyzer
753,753,2026-08-23,8,10,22,23,36,consensus_latest:network:lotterynet+lottolyzer
754,754,2026-08-24,9,11,14,16,34,consensus_latest:network:lotterynet+lottolyzer
755,755,2026-08-25,2,24,27,35,39,consensus_latest:network:lotterynet+lottolyzer
756,756,2026-08-26,2,7,17,23,38,consensus_latest:network:lotterynet+lottolyzer
757,757,2026-08-27,2,13,20,22,38,consensus_latest:network:lotterynet+lottolyzer
758,758,2026-08-28,4,12,29,30,39,consensus_latest:network:lotterynet+lottolyzer
759,759,2026-08-29,3,4,14,29,30,consensus_latest:network:lotterynet+lotto8+lottolyzer
760,760,2026-08-30,6,23,27,28,31,consensus_latest:network:lotterynet+lotto8+lottolyzer
761,761,2026-08-31,9,12,28,30,37,consensus_latest:network:lotterynet+lotto8+lottolyzer
762,762,2026-09-01,1,7,8,18,39,consensus_latest:network:lotterynet+lotto8+lottolyzer
763,763,2026-09-02,3,6,23,29,35,consensus_latest:network:lotterynet+lotto8+lottolyzer
764,764,2026-09-03,4,7,10,27,38,consensus_latest:network:lotterynet+lotto8+lottolyzer
765,765,2026-09-04,8,24,26,35,39,consensus_latest:network:lotterynet+lotto8+lottolyzer
766,766,2026-09-05,6,12,14,24,32,consensus_latest:network:lotterynet+lotto8+lottolyzer
767,767,2026-09-06,12,13,17,28,34,consensus_latest:network:lotterynet+lotto8+lottolyzer
768,768,2026-09-07,4,6,15,22,25,consensus_latest:network:lotterynet+lotto8+lottolyzer
769,769,2026-09-08,1,9,15,37,38,consensus_latest:network:lotterynet+lotto8+lottolyzer
770,770,2026-09-09,7,9,12,15,27,consensus_latest:network:lotterynet+lotto8+lottolyzer
771,771,2026-09-10,2,9,24,35,39,consensus_latest:network:lotterynet+lotto8+lottolyzer
772,772,2026-09-11,3,9,16,25,30,consensus_latest:network:lotterynet+lotteryusa+lotto8+lottolyzer
773,773,2026-09-12,19,21,33,35,38,consensus_latest:network:lotterynet+lotteryusa+lotto8+lottolyzer
774,774,2026-09-13,1,2,12,34,36,consensus_latest:network:lotterynet+lotteryusa+lotto8+lottolyzer
775,775,2026-09-14,3,4,16,30,38,consensus_latest:network:lotterynet+lotteryusa+lotto8+lottolyzer
776,776,2026-09-15,4,5,24,32,33,consensus_latest:network:lotterynet+lotteryusa+lotto8+lottolyzer
777,777,2026-09-16,11,25,29,30,38,consensus_latest:network:lotterynet+lotteryusa+lotto8+lottolyzer
778,778,2026-09-17,3,9,11,16,19,consensus_latest:network:lotterynet+lotteryusa+lotto8+lottolyzer
779,779,2026-09-18,19,29,33,37,39,consensus_latest:network:lotterynet+lotteryusa+lotto8+lottolyzer
780,780,2026-09-19,1,13,19,27,37,consensus_latest:network:lotterynet+lotteryusa+lotto8+lottolyzer
781,781,2026-09-20,1,8,10,19,21,official:calottery
